scope_type,scope_value,jobs,machines,n_files,benchmark_families,model_type,distribution,params,n_params,loglik,aic,bic,gof_test,gof_stat,gof_pvalue
size_family,6x6,6,6,1,ft,discrete,discrete_uniform_minmax,"{""low"": 1, ""high"": 10}",2,-82.89306334778566,169.7861266955713,172.95316457248353,chi2_uniform_minmax_bins10,10.11111111111111,0.34156529600304
size_family,6x6,6,6,1,ft,discrete,poisson,"{""mu"": 5.472222222222222}",1,-89.78917244416508,181.57834488833015,183.16186382678626,,,
size_family,6x6,6,6,1,ft,discrete,discrete_uniform_1_99,"{""low"": 1, ""high"": 99, ""fixed_support"": true}",0,-165.42431460484522,330.84862920969044,330.84862920969044,chi2_uniform_1_99_bins10,320.40000000000003,1.2196379961839127e-63
size_family,6x6,6,6,1,ft,discrete,discrete_uniform_0_99,"{""low"": 0, ""high"": 99, ""fixed_support"": true}",0,-165.7861266955713,331.5722533911426,331.5722533911426,chi2_uniform_0_99_bins10,252.88888888888886,2.4489071863354265e-49
size_family,6x6,6,6,1,ft,discrete,discrete_uniform_1_100,"{""low"": 1, ""high"": 100, ""fixed_support"": true}",0,-165.7861266955713,331.5722533911426,331.5722533911426,chi2_uniform_1_100_bins10,324.0,2.095937084683318e-64
size_family,6x6,6,6,1,ft,discrete,discrete_uniform_0_100,"{""low"": 0, ""high"": 100, ""fixed_support"": true}",0,-166.14433860628534,332.2886772125707,332.2886772125707,chi2_uniform_0_100_bins10,294.54545454545456,3.744763756916522e-58
size_family,6x6,6,6,1,ft,continuous_exploratory,lognorm,"[11.803064275830508, 0.9999999999999998, 0.067836495147008]",3,-43.07913946823311,92.15827893646622,96.90883575183454,KS_continuous,0.5017134455812584,6.574959348088973e-09
size_family,6x6,6,6,1,ft,continuous_exploratory,uniform,"[1.0, 9.0]",2,-79.10008478410388,162.20016956820777,165.36720744512,KS_continuous,0.13888888888888895,0.45065901211572934
size_family,6x6,6,6,1,ft,continuous_exploratory,weibull_min,"[2.0619429803233205, -0.09843385644483285, 6.2861276149714085]",3,-87.36413779966118,180.72827559932236,185.4788324146907,KS_continuous,0.12029140858632492,0.6313425550823083
size_family,6x6,6,6,1,ft,continuous_exploratory,norm,"[5.472222222222222, 2.8331971644838814]",2,-88.57239650222436,181.14479300444873,184.31183088136095,KS_continuous,0.149520317519095,0.360580421290027
size_family,6x6,6,6,1,ft,continuous_exploratory,gamma,"[30.577372896880462, -10.074596082733976, 0.5075052507677298]",3,-88.30544947255875,182.6108989451175,187.36145576048582,KS_continuous,0.12801556591643692,0.5537377695066907
size_family,6x6,6,6,1,ft,continuous_exploratory,expon,"[1.0, 4.472222222222222]",2,-89.92387535502071,183.84775071004142,187.01478858695364,KS_continuous,0.24947605382024507,0.01845294144839249
size_family,10x5,10,5,5,la,discrete,discrete_uniform_minmax,"{""low"": 5, ""high"": 99}",2,-1138.4692229001353,2280.9384458002705,2287.981367635995,chi2_uniform_minmax_bins10,6.200222222222219,0.7197240028581489
size_family,10x5,10,5,5,la,discrete,discrete_uniform_1_99,"{""low"": 1, ""high"": 99, ""fixed_support"": true}",0,-1148.7799625336474,2297.559925067295,2297.559925067295,chi2_uniform_1_99_bins10,10.176400000000001,0.3363943922567158
size_family,10x5,10,5,5,la,discrete,discrete_uniform_1_100,"{""low"": 1, ""high"": 100, ""fixed_support"": true}",0,-1151.2925464970228,2302.5850929940457,2302.5850929940457,chi2_uniform_1_100_bins10,11.2,0.26224875459496483
size_family,10x5,10,5,5,la,discrete,discrete_uniform_0_99,"{""low"": 0, ""high"": 99, ""fixed_support"": true}",0,-1151.2925464970228,2302.5850929940457,2302.5850929940457,chi2_uniform_0_99_bins10,9.919999999999998,0.3570004518895157
size_family,10x5,10,5,5,la,discrete,discrete_uniform_0_100,"{""low"": 0, ""high"": 100, ""fixed_support"": true}",0,-1153.780129210315,2307.56025842063,2307.56025842063,chi2_uniform_0_100_bins10,13.092145454545452,0.15848091638478654
size_family,10x5,10,5,5,la,discrete,poisson,"{""mu"": 50.66}",1,-2727.2597756892774,5456.519551378555,5460.041012296417,,,
size_family,10x5,10,5,5,la,continuous_exploratory,uniform,"[5.0, 94.0]",2,-1135.8236955675009,2275.6473911350017,2282.690312970726,KS_continuous,0.052085106382978696,0.4901624988820482
size_family,10x5,10,5,5,la,continuous_exploratory,weibull_min,"[1.989462992508074, -1.577528583905146, 58.903437715928256]",3,-1173.2636398781754,2352.5272797563507,2363.0916625099376,KS_continuous,0.08264240215231611,0.06209407161998626
size_family,10x5,10,5,5,la,continuous_exploratory,norm,"[50.66, 27.34944972024117]",2,-1181.9087354880496,2367.8174709760992,2374.8603928118237,KS_continuous,0.08431645403273996,0.0539187938030542
size_family,10x5,10,5,5,la,continuous_exploratory,lognorm,"[0.0946614421598362, -239.0595127440629, 288.4270997521815]",3,-1181.4830951475371,2368.9661902950743,2379.530573048661,KS_continuous,0.08378476759074127,0.056408648893850444
size_family,10x5,10,5,5,la,continuous_exploratory,gamma,"[482.8243083920636, -550.3648932879341, 1.2447689377136615]",3,-1181.6507448439877,2369.3014896879754,2379.8658724415623,KS_continuous,0.08278597963760642,0.06135359194239687
size_family,10x5,10,5,5,la,continuous_exploratory,expon,"[5.0, 45.66]",2,-1205.3056602754123,2414.6113205508245,2421.654242386549,KS_continuous,0.15982780158426346,4.7914954436657775e-06
size_family,10x10,10,10,18,"abz,ft,la,orb",discrete,discrete_uniform_0_99,"{""low"": 0, ""high"": 99, ""fixed_support"": true}",0,-8289.306334778565,16578.61266955713,16578.61266955713,chi2_uniform_0_99_bins10,61.92222222222222,5.704368606813108e-10
size_family,10x10,10,10,18,"abz,ft,la,orb",discrete,discrete_uniform_minmax,"{""low"": 0, ""high"": 99}",2,-8289.306334778565,16582.61266955713,16593.6037534449,chi2_uniform_minmax_bins10,61.92222222222222,5.704368606813108e-10
size_family,10x10,10,10,18,"abz,ft,la,orb",discrete,discrete_uniform_0_100,"{""low"": 0, ""high"": 100, ""fixed_support"": true}",0,-8307.216930314267,16614.433860628535,16614.433860628535,chi2_uniform_0_100_bins10,53.12555555555556,2.7669686500337248e-08
size_family,10x10,10,10,18,"abz,ft,la,orb",discrete,poisson,"{""mu"": 52.575}",1,-19756.514632504786,39515.02926500957,39520.52480695346,,,
size_family,10x10,10,10,18,"abz,ft,la,orb",discrete,discrete_uniform_1_100,"{""low"": 1, ""high"": 100, ""fixed_support"": true}",0,-inf,inf,inf,chi2_uniform_1_100_bins10,,
size_family,10x10,10,10,18,"abz,ft,la,orb",discrete,discrete_uniform_1_99,"{""low"": 1, ""high"": 99, ""fixed_support"": true}",0,-inf,inf,inf,chi2_uniform_1_99_bins10,,
size_family,10x10,10,10,18,"abz,ft,la,orb",continuous_exploratory,uniform,"[0.0, 99.0]",2,-8271.21573024226,16546.43146048452,16557.42254437229,KS_continuous,0.051515151515151514,0.00013647036713110053
size_family,10x10,10,10,18,"abz,ft,la,orb",continuous_exploratory,weibull_min,"[2.362423360578328, -7.801143762767916, 68.23583360354132]",3,-8487.629190348276,16981.258380696552,16997.745006528206,KS_continuous,0.07893169473614481,3.350581034460333e-10
size_family,10x10,10,10,18,"abz,ft,la,orb",continuous_exploratory,norm,"[52.575, 27.686076273904263]",2,-8531.762685172871,17067.525370345742,17078.51645423351,KS_continuous,0.07493608139429098,3.0896944943364793e-09
size_family,10x10,10,10,18,"abz,ft,la,orb",continuous_exploratory,gamma,"[5519.893225570155, -2005.0184593936601, 0.3727595074631077]",3,-8532.002852206737,17070.005704413474,17086.492330245128,KS_continuous,0.07541051276643762,2.3877544694612126e-09
size_family,10x10,10,10,18,"abz,ft,la,orb",continuous_exploratory,lognorm,"[0.019637733067120244, -1358.6544081713873, 1410.9645775217182]",3,-8532.39846071898,17070.79692143796,17087.283547269613,KS_continuous,0.07581798523141581,1.9111483604825334e-09
size_family,10x10,10,10,18,"abz,ft,la,orb",continuous_exploratory,expon,"[0.0, 52.575]",2,-8932.033298859773,17868.066597719546,17879.057681607315,KS_continuous,0.1718197950071974,6.200210841058738e-47
size_family,15x5,15,5,5,la,discrete,discrete_uniform_minmax,"{""low"": 5, ""high"": 99}",2,-1707.703834350203,3419.407668700406,3427.2615207523468,chi2_uniform_minmax_bins10,7.330666666666666,0.602734204261866
size_family,15x5,15,5,5,la,discrete,discrete_uniform_1_99,"{""low"": 1, ""high"": 99, ""fixed_support"": true}",0,-1723.1699438004712,3446.3398876009423,3446.3398876009423,chi2_uniform_1_99_bins10,10.651200000000001,0.3003768803414755
size_family,15x5,15,5,5,la,discrete,discrete_uniform_1_100,"{""low"": 1, ""high"": 100, ""fixed_support"": true}",0,-1726.9388197455344,3453.8776394910687,3453.8776394910687,chi2_uniform_1_100_bins10,11.32,0.2544106586159445
size_family,15x5,15,5,5,la,discrete,discrete_uniform_0_99,"{""low"": 0, ""high"": 99, ""fixed_support"": true}",0,-1726.9388197455344,3453.8776394910687,3453.8776394910687,chi2_uniform_0_99_bins10,13.826666666666664,0.12862600056831905
size_family,15x5,15,5,5,la,discrete,discrete_uniform_0_100,"{""low"": 0, ""high"": 100, ""fixed_support"": true}",0,-1730.6701938154724,3461.340387630945,3461.340387630945,chi2_uniform_0_100_bins10,13.772872727272727,0.1306370643826399
size_family,15x5,15,5,5,la,discrete,poisson,"{""mu"": 52.92}",1,-3957.087700055663,7916.175400111326,7920.102326137297,,,
size_family,15x5,15,5,5,la,continuous_exploratory,uniform,"[5.0, 94.0]",2,-1703.7355433512512,3411.4710867025024,3419.3249387544433,KS_continuous,0.04666666666666669,0.3761067558690926
size_family,15x5,15,5,5,la,continuous_exploratory,weibull_min,"[2.8651011677835756, -15.9202131691197, 77.45739113409022]",3,-1759.2446936953647,3524.4893873907295,3536.2701654686407,KS_continuous,0.0712060845108542,0.04246146502925319
size_family,15x5,15,5,5,la,continuous_exploratory,norm,"[52.92, 26.884027476055987]",2,-1766.4265760004319,3536.8531520008637,3544.7070040528047,KS_continuous,0.06713042769056304,0.06502756643804075
size_family,15x5,15,5,5,la,continuous_exploratory,lognorm,"[5.104169700889342e-06, -5267019.976832008, 5267072.896763397]",3,-1766.4266654985515,3538.853330997103,3550.6341090750143,KS_continuous,0.06713050142219623,0.06502707980297862
size_family,15x5,15,5,5,la,continuous_exploratory,gamma,"[793.8818791177955, -705.5943285728299, 0.9554368373447484]",3,-1766.8646391881084,3539.729278376217,3551.510056454128,KS_continuous,0.06738697406750016,0.06335303721689
size_family,15x5,15,5,5,la,continuous_exploratory,expon,"[5.0, 47.92]",2,-1826.0748576776975,3656.149715355395,3664.003567407336,KS_continuous,0.18841188068183945,3.954723764154914e-12
size_family,15x10,15,10,5,la,discrete,discrete_uniform_minmax,"{""low"": 5, ""high"": 99}",2,-3415.407668700406,6834.815337400812,6844.055483813872,chi2_uniform_minmax_bins10,5.66237037037037,0.7731760429154331
size_family,15x10,15,10,5,la,discrete,discrete_uniform_1_99,"{""low"": 1, ""high"": 99, ""fixed_support"": true}",0,-3446.3398876009423,6892.679775201885,6892.679775201885,chi2_uniform_1_99_bins10,12.42026666666667,0.19063986632897018
size_family,15x10,15,10,5,la,discrete,discrete_uniform_1_100,"{""low"": 1, ""high"": 100, ""fixed_support"": true}",0,-3453.8776394910687,6907.7552789821375,6907.7552789821375,chi2_uniform_1_100_bins10,14.053333333333333,0.12044066569363802
size_family,15x10,15,10,5,la,discrete,discrete_uniform_0_99,"{""low"": 0, ""high"": 99, ""fixed_support"": true}",0,-3453.8776394910687,6907.7552789821375,6907.7552789821375,chi2_uniform_0_99_bins10,12.96,0.16442458894528628
size_family,15x10,15,10,5,la,discrete,discrete_uniform_0_100,"{""low"": 0, ""high"": 100, ""fixed_support"": true}",0,-3461.340387630945,6922.68077526189,6922.68077526189,chi2_uniform_0_100_bins10,17.99053333333333,0.035283528524990865
size_family,15x10,15,10,5,la,discrete,poisson,"{""mu"": 51.516}",1,-8202.867484237311,16407.734968474622,16412.355041681152,,,
size_family,15x10,15,10,5,la,continuous_exploratory,uniform,"[5.0, 94.0]",2,-3407.471086702503,6818.942173405006,6828.182319818066,KS_continuous,0.024113475177304965,0.7662849612839573
size_family,15x10,15,10,5,la,continuous_exploratory,weibull_min,"[2.3168713756883452, -7.26224633532667, 66.4248353601464]",3,-3527.1925272824346,7060.385054564869,7074.24527418446,KS_continuous,0.07894466846869763,0.00016358459293883826
size_family,15x10,15,10,5,la,continuous_exploratory,norm,"[51.516, 27.35025430716626]",2,-3545.7482702103644,7095.496540420729,7104.7366868337895,KS_continuous,0.07255447411539695,0.000704205730841974
size_family,15x10,15,10,5,la,continuous_exploratory,lognorm,"[3.458006804570253e-06, -7909202.683779088, 7909254.1997318]",3,-3545.748284833803,7097.496569667606,7111.356789287197,KS_continuous,0.0725547333792198,0.0007041657881542811
size_family,15x10,15,10,5,la,continuous_exploratory,gamma,"[32716.16038216681, -4895.794400820656, 0.151219154004542]",3,-3545.7646811513846,7097.529362302769,7111.38958192236,KS_continuous,0.07282578586811561,0.000663548420631181
size_family,15x10,15,10,5,la,continuous_exploratory,expon,"[5.0, 46.516]",2,-3629.8472545730974,7263.694509146195,7272.934655559256,KS_continuous,0.16405394077707008,4.1621018987559684e-18
size_family,15x15,15,15,15,"la,ta",discrete,discrete_uniform_1_99,"{""low"": 1, ""high"": 99, ""fixed_support"": true}",0,-15508.52949420424,31017.05898840848,31017.05898840848,chi2_uniform_1_99_bins10,13.592533333333336,0.13757572916202515
size_family,15x15,15,15,15,"la,ta",discrete,discrete_uniform_minmax,"{""low"": 1, ""high"": 99}",2,-15508.52949420424,31021.05898840848,31033.307289615095,chi2_uniform_minmax_bins10,13.592533333333336,0.13757572916202515
size_family,15x15,15,15,15,"la,ta",discrete,discrete_uniform_1_100,"{""low"": 1, ""high"": 100, ""fixed_support"": true}",0,-15542.44937770981,31084.89875541962,31084.89875541962,chi2_uniform_1_100_bins10,13.897777777777778,0.12600821626179837
size_family,15x15,15,15,15,"la,ta",discrete,discrete_uniform_0_99,"{""low"": 0, ""high"": 99, ""fixed_support"": true}",0,-15542.44937770981,31084.89875541962,31084.89875541962,chi2_uniform_0_99_bins10,23.509629629629625,0.005147752985533076
size_family,15x15,15,15,15,"la,ta",discrete,discrete_uniform_0_100,"{""low"": 0, ""high"": 100, ""fixed_support"": true}",0,-15576.03174433925,31152.0634886785,31152.0634886785,chi2_uniform_0_100_bins10,23.950483501683514,0.00438028570395684
size_family,15x15,15,15,15,"la,ta",discrete,poisson,"{""mu"": 51.09837037037037}",1,-39420.9455139911,78843.8910279822,78850.01517858551,,,
size_family,15x15,15,15,15,"la,ta",continuous_exploratory,uniform,"[1.0, 98.0]",2,-15474.265240513178,30952.530481026355,30964.77878223297,KS_continuous,0.02472562358276642,0.03173648674097995
size_family,15x15,15,15,15,"la,ta",continuous_exploratory,weibull_min,"[2.44667764158935, -12.199481989369463, 71.50710890083423]",3,-15980.146060716635,31966.29212143327,31984.66457324319,KS_continuous,0.07023650984020957,6.370931614252517e-15
size_family,15x15,15,15,15,"la,ta",continuous_exploratory,norm,"[51.09837037037037, 28.1921099602526]",2,-16058.184806330115,32120.36961266023,32132.617913866845,KS_continuous,0.06503221964709638,7.473071233549948e-13
size_family,15x15,15,15,15,"la,ta",continuous_exploratory,lognorm,"[5.3767084404177416e-05, -524287.0, 524338.0976124653]",3,-16058.187295240159,32122.374590480318,32140.747042290237,KS_continuous,0.06502848717182941,7.497662421038656e-13
size_family,15x15,15,15,15,"la,ta",continuous_exploratory,gamma,"[5995.731718097211, -2132.1943056287, 0.364141372023684]",3,-16058.601980347488,32123.203960694977,32141.576412504895,KS_continuous,0.06524403791844713,6.200057894031322e-13
size_family,15x15,15,15,15,"la,ta",continuous_exploratory,expon,"[1.0, 50.09837037037037]",2,-16584.711120081913,33173.422240163825,33185.67054137044,KS_continuous,0.16470725859407076,1.7576856442248688e-80
size_family,20x5,20,5,6,"ft,la",discrete,discrete_uniform_minmax,"{""low"": 2, ""high"": 99}",2,-2750.9804872023433,5505.960974404687,5514.754833715119,chi2_uniform_minmax_bins10,10.206074074074074,0.33406150928769224
size_family,20x5,20,5,6,"ft,la",discrete,discrete_uniform_1_99,"{""low"": 1, ""high"": 99, ""fixed_support"": true}",0,-2757.0719100807537,5514.143820161507,5514.143820161507,chi2_uniform_1_99_bins10,13.851333333333333,0.12771273408824185
size_family,20x5,20,5,6,"ft,la",discrete,discrete_uniform_1_100,"{""low"": 1, ""high"": 100, ""fixed_support"": true}",0,-2763.102111592855,5526.20422318571,5526.20422318571,chi2_uniform_1_100_bins10,16.13333333333333,0.06414890853905256
size_family,20x5,20,5,6,"ft,la",discrete,discrete_uniform_0_99,"{""low"": 0, ""high"": 99, ""fixed_support"": true}",0,-2763.102111592855,5526.20422318571,5526.20422318571,chi2_uniform_0_99_bins10,19.566666666666666,0.02078331049728338
size_family,20x5,20,5,6,"ft,la",discrete,discrete_uniform_0_100,"{""low"": 0, ""high"": 100, ""fixed_support"": true}",0,-2769.0723101047556,5538.144620209511,5538.144620209511,chi2_uniform_0_100_bins10,19.465136363636354,0.021515915548142472
size_family,20x5,20,5,6,"ft,la",discrete,poisson,"{""mu"": 51.855}",1,-6453.481312665515,12908.96262533103,12913.359554986248,,,
size_family,20x5,20,5,6,"ft,la",continuous_exploratory,uniform,"[2.0, 97.0]",2,-2744.8265871020294,5493.653174204059,5502.4470335144915,KS_continuous,0.039209621993127136,0.3068326591511742
size_family,20x5,20,5,6,"ft,la",continuous_exploratory,weibull_min,"[2.4504697389643137, -9.12226710437761, 68.88017090974449]",3,-2817.6579253210557,5641.315850642111,5654.50663960776,KS_continuous,0.07839284609834396,0.0011813517648023597
size_family,20x5,20,5,6,"ft,la",continuous_exploratory,norm,"[51.855, 27.113723001461825]",2,-2831.387110043453,5666.774220086906,5675.568079397339,KS_continuous,0.07629627307240494,0.001747419267628248
size_family,20x5,20,5,6,"ft,la",continuous_exploratory,lognorm,"[1.2928525274812928e-05, -2097149.999999999, 2097201.8548247283]",3,-2831.3872026579247,5668.774405315849,5681.965194281498,KS_continuous,0.07629685210925663,0.0017472329107303909
size_family,20x5,20,5,6,"ft,la",continuous_exploratory,gamma,"[7734.17985812444, -2332.9278128819506, 0.3083430049880893]",3,-2831.444225113223,5668.888450226446,5682.079239192095,KS_continuous,0.07665872359748738,0.0016343117575951937
size_family,20x5,20,5,6,"ft,la",continuous_exploratory,expon,"[2.0, 49.855]",2,-2945.4712753684535,5894.942550736907,5903.73641004734,KS_continuous,0.1810506385302354,1.1086666164930679e-17
size_family,20x10,20,10,10,"la,swv",discrete,discrete_uniform_1_100,"{""low"": 1, ""high"": 100, ""fixed_support"": true}",0,-9210.340371976183,18420.680743952365,18420.680743952365,chi2_uniform_1_100_bins10,14.32,0.11138885593207007
size_family,20x10,20,10,10,"la,swv",discrete,discrete_uniform_minmax,"{""low"": 1, ""high"": 100}",2,-9210.340371976183,18424.680743952365,18435.88254887145,chi2_uniform_minmax_bins10,14.32,0.11138885593207007
size_family,20x10,20,10,10,"la,swv",discrete,discrete_uniform_0_100,"{""low"": 0, ""high"": 100, ""fixed_support"": true}",0,-9230.24103368252,18460.48206736504,18460.48206736504,chi2_uniform_0_100_bins10,21.812490909090908,0.009492625226406955
size_family,20x10,20,10,10,"la,swv",discrete,poisson,"{""mu"": 51.305}",1,-22695.70527846123,45393.41055692246,45399.011459382,,,
size_family,20x10,20,10,10,"la,swv",discrete,discrete_uniform_1_99,"{""low"": 1, ""high"": 99, ""fixed_support"": true}",0,-inf,inf,inf,chi2_uniform_1_99_bins10,,
size_family,20x10,20,10,10,"la,swv",discrete,discrete_uniform_0_99,"{""low"": 0, ""high"": 99, ""fixed_support"": true}",0,-inf,inf,inf,chi2_uniform_0_99_bins10,,
size_family,20x10,20,10,10,"la,swv",continuous_exploratory,uniform,"[1.0, 99.0]",2,-9190.23970026918,18384.47940053836,18395.681205457444,KS_continuous,0.028727272727272712,0.072271996956213
size_family,20x10,20,10,10,"la,swv",continuous_exploratory,weibull_min,"[2.5083857055122123, -12.357440349215988, 71.88460020327756]",3,-9441.168928418803,18888.337856837607,18905.14056421623,KS_continuous,0.06448914466614442,1.126640972375219e-07
size_family,20x10,20,10,10,"la,swv",continuous_exploratory,norm,"[51.305, 27.76178983783286]",2,-9485.19828438216,18974.39656876432,18985.598373683406,KS_continuous,0.06173688019823309,4.5404495132785985e-07
size_family,20x10,20,10,10,"la,swv",continuous_exploratory,lognorm,"[3.309443550035912e-06, -8388606.999999996, 8388658.30495406]",3,-9485.19837689198,18976.39675378396,18993.199461162585,KS_continuous,0.06173705894289494,4.5400475152541305e-07
size_family,20x10,20,10,10,"la,swv",continuous_exploratory,gamma,"[5760.410707634503, -2056.1200950405655, 0.3658470660595503]",3,-9485.459111285945,18976.91822257189,18993.720929950516,KS_continuous,0.06215664426144929,3.6854340126068576e-07
size_family,20x10,20,10,10,"la,swv",continuous_exploratory,expon,"[1.0, 50.305]",2,-9836.208951488028,19676.417902976056,19687.61970789514,KS_continuous,0.175618245098076,2.017121546429282e-54
size_family,20x15,20,15,18,"abz,swv,ta",discrete,discrete_uniform_1_100,"{""low"": 1, ""high"": 100, ""fixed_support"": true}",0,-24867.919004335698,49735.838008671395,49735.838008671395,chi2_uniform_1_100_bins10,403.7814814814815,2.1369052985130363e-81
size_family,20x15,20,15,18,"abz,swv,ta",discrete,discrete_uniform_minmax,"{""low"": 1, ""high"": 100}",2,-24867.919004335698,49739.838008671395,49753.0263171365,chi2_uniform_minmax_bins10,403.7814814814815,2.1369052985130363e-81
size_family,20x15,20,15,18,"abz,swv,ta",discrete,discrete_uniform_0_100,"{""low"": 0, ""high"": 100, ""fixed_support"": true}",0,-24921.650790942804,49843.30158188561,49843.30158188561,chi2_uniform_0_100_bins10,431.5390202020202,2.5286135140953517e-87
size_family,20x15,20,15,18,"abz,swv,ta",discrete,poisson,"{""mu"": 45.94851851851852}",1,-64082.76970553581,128167.53941107162,128174.13356530416,,,
size_family,20x15,20,15,18,"abz,swv,ta",discrete,discrete_uniform_1_99,"{""low"": 1, ""high"": 99, ""fixed_support"": true}",0,-inf,inf,inf,chi2_uniform_1_99_bins10,,
size_family,20x15,20,15,18,"abz,swv,ta",discrete,discrete_uniform_0_99,"{""low"": 0, ""high"": 99, ""fixed_support"": true}",0,-inf,inf,inf,chi2_uniform_0_99_bins10,,
size_family,20x15,20,15,18,"abz,swv,ta",continuous_exploratory,uniform,"[1.0, 99.0]",2,-24813.647190726784,49631.29438145357,49644.482689918674,KS_continuous,0.10624579124579125,1.5592995148789646e-53
size_family,20x15,20,15,18,"abz,swv,ta",continuous_exploratory,weibull_min,"[1.699618242074017, -1.2011404112365298, 52.742404183552125]",3,-25297.062779788845,50600.12555957769,50619.90802227535,KS_continuous,0.07007481916639469,1.676643777244697e-23
size_family,20x15,20,15,18,"abz,swv,ta",continuous_exploratory,gamma,"[2.7677093992439, -4.8737597358365825, 18.362579965152882]",3,-25415.55456930214,50837.10913860428,50856.89160130194,KS_continuous,0.07569740694382132,2.3416314513781204e-27
size_family,20x15,20,15,18,"abz,swv,ta",continuous_exploratory,lognorm,"[0.3390142744964482, -39.0004590277955, 80.31684255296051]",3,-25505.305988589367,51016.611977178734,51036.39443987639,KS_continuous,0.07644022232803072,6.884842149565267e-28
size_family,20x15,20,15,18,"abz,swv,ta",continuous_exploratory,norm,"[45.94851851851852, 27.941333010395283]",2,-25644.846216481426,51293.69243296285,51306.88074142796,KS_continuous,0.09148567783771677,8.830964027663088e-40
size_family,20x15,20,15,18,"abz,swv,ta",continuous_exploratory,expon,"[1.0, 44.94851851851852]",2,-25949.796130493873,51903.592260987745,51916.78056945285,KS_continuous,0.13257957483227895,3.135733746777662e-83
size_family,20x20,20,20,14,"ta,yn",discrete,discrete_uniform_1_99,"{""low"": 1, ""high"": 99, ""fixed_support"": true}",0,-25732.671160753704,51465.34232150741,51465.34232150741,chi2_uniform_1_99_bins10,568.5764642857141,1.156277796880751e-116
size_family,20x20,20,20,14,"ta,yn",discrete,discrete_uniform_minmax,"{""low"": 1, ""high"": 99}",2,-25732.671160753704,51469.34232150741,51482.60336526085,chi2_uniform_minmax_bins10,568.5764642857141,1.156277796880751e-116
size_family,20x20,20,20,14,"ta,yn",discrete,discrete_uniform_1_100,"{""low"": 1, ""high"": 100, ""fixed_support"": true}",0,-25788.953041533314,51577.90608306663,51577.90608306663,chi2_uniform_1_100_bins10,600.3964285714286,1.7215997597094105e-123
size_family,20x20,20,20,14,"ta,yn",discrete,discrete_uniform_0_99,"{""low"": 0, ""high"": 99, ""fixed_support"": true}",0,-25788.953041533314,51577.90608306663,51577.90608306663,chi2_uniform_0_99_bins10,651.3571428571429,1.9651215902345602e-134
size_family,20x20,20,20,14,"ta,yn",discrete,discrete_uniform_0_100,"{""low"": 0, ""high"": 100, ""fixed_support"": true}",0,-25844.674894311054,51689.34978862211,51689.34978862211,chi2_uniform_0_100_bins10,628.0072694805195,2.034386983130453e-129
size_family,20x20,20,20,14,"ta,yn",discrete,poisson,"{""mu"": 44.75017857142857}",1,-63006.25713756169,126014.51427512338,126021.1447970001,,,
size_family,20x20,20,20,14,"ta,yn",continuous_exploratory,uniform,"[1.0, 98.0]",2,-25675.817880555198,51355.635761110396,51368.89680486384,KS_continuous,0.1405612244897959,5.435902941070786e-97
size_family,20x20,20,20,14,"ta,yn",continuous_exploratory,weibull_min,"[1.7203346450591614, -0.8646109736449574, 51.09341815883084]",3,-25995.780143971733,51997.56028794347,52017.451853573635,KS_continuous,0.05809851678706712,7.145716954465053e-17
size_family,20x20,20,20,14,"ta,yn",continuous_exploratory,gamma,"[3.000867729657738, -5.209869250442107, 16.648528972598708]",3,-26096.46663798237,52198.93327596474,52218.824841594906,KS_continuous,0.06125157237319123,1.0467675195647975e-18
size_family,20x20,20,20,14,"ta,yn",continuous_exploratory,lognorm,"[0.35691407885102217, -32.528002321095634, 72.61592490562325]",3,-26173.63045159375,52353.2609031875,52373.15246881767,KS_continuous,0.06556442617569669,2.2571670917659225e-21
size_family,20x20,20,20,14,"ta,yn",continuous_exploratory,norm,"[44.75017857142857, 26.90739907475474]",2,-26383.503106978467,52771.006213956935,52784.26725771038,KS_continuous,0.08369583042421003,1.4187077898336932e-34
size_family,20x20,20,20,14,"ta,yn",continuous_exploratory,expon,"[1.0, 43.75017857142857]",2,-26759.5758887965,53523.151777593,53536.41282134644,KS_continuous,0.15280740199066217,1.221902489358194e-114
size_family,30x10,30,10,5,la,discrete,discrete_uniform_minmax,"{""low"": 5, ""high"": 99}",2,-6830.815337400812,13665.630674801623,13676.257115575803,chi2_uniform_minmax_bins10,3.841555555555556,0.9215278818567507
size_family,30x10,30,10,5,la,discrete,discrete_uniform_1_99,"{""low"": 1, ""high"": 99, ""fixed_support"": true}",0,-6892.679775201885,13785.35955040377,13785.35955040377,chi2_uniform_1_99_bins10,24.16073333333333,0.004054298675159967
size_family,30x10,30,10,5,la,discrete,discrete_uniform_1_100,"{""low"": 1, ""high"": 100, ""fixed_support"": true}",0,-6907.7552789821375,13815.510557964275,13815.510557964275,chi2_uniform_1_100_bins10,25.653333333333332,0.0023274096579683086
size_family,30x10,30,10,5,la,discrete,discrete_uniform_0_99,"{""low"": 0, ""high"": 99, ""fixed_support"": true}",0,-6907.7552789821375,13815.510557964275,13815.510557964275,chi2_uniform_0_99_bins10,32.306666666666665,0.0001762238378675575
size_family,30x10,30,10,5,la,discrete,discrete_uniform_0_100,"{""low"": 0, ""high"": 100, ""fixed_support"": true}",0,-6922.68077526189,13845.36155052378,13845.36155052378,chi2_uniform_0_100_bins10,34.54135757575759,7.17642455348054e-05
size_family,30x10,30,10,5,la,discrete,poisson,"{""mu"": 51.70333333333333}",1,-16337.400935891632,32676.801871783264,32682.115092170356,,,
size_family,30x10,30,10,5,la,continuous_exploratory,uniform,"[5.0, 94.0]",2,-6814.942173405005,13633.88434681001,13644.51078758419,KS_continuous,0.020751773049645393,0.5312225317666734
size_family,30x10,30,10,5,la,continuous_exploratory,weibull_min,"[2.265652394623136, -6.138450888234599, 65.36747965316638]",3,-7054.594801028574,14115.189602057148,14131.129263218418,KS_continuous,0.07684224794887418,3.7720921412558774e-08
size_family,30x10,30,10,5,la,continuous_exploratory,norm,"[51.70333333333333, 27.39076466418725]",2,-7093.716650596468,14191.433301192936,14202.059741967116,KS_continuous,0.06877116462462884,1.2988553318167672e-06
size_family,30x10,30,10,5,la,continuous_exploratory,lognorm,"[0.010221652318118777, -2628.061433411848, 2679.6247799883563]",3,-7093.685335693074,14193.370671386148,14209.310332547419,KS_continuous,0.06956863330966556,9.317666700997634e-07
size_family,30x10,30,10,5,la,continuous_exploratory,gamma,"[58530.05060404388, -6574.934051551318, 0.11321768682436983]",3,-7093.700619919913,14193.401239839826,14209.340901001096,KS_continuous,0.06899265472488858,1.1848485254186854e-06
size_family,30x10,30,10,5,la,continuous_exploratory,expon,"[5.0, 46.70333333333333]",2,-7265.723309572545,14535.44661914509,14546.07305991927,KS_continuous,0.15734195683099966,6.688267614766605e-33
size_family,30x15,30,15,10,ta,discrete,discrete_uniform_1_99,"{""low"": 1, ""high"": 99, ""fixed_support"": true}",0,-20678.039325605652,41356.078651211305,41356.078651211305,chi2_uniform_1_99_bins10,11.254,0.25869959207654747
size_family,30x15,30,15,10,ta,discrete,discrete_uniform_minmax,"{""low"": 1, ""high"": 99}",2,-20678.039325605652,41360.078651211305,41372.902316562824,chi2_uniform_minmax_bins10,11.254,0.25869959207654747
size_family,30x15,30,15,10,ta,discrete,discrete_uniform_1_100,"{""low"": 1, ""high"": 100, ""fixed_support"": true}",0,-20723.26583694641,41446.53167389282,41446.53167389282,chi2_uniform_1_100_bins10,15.719999999999999,0.07296399690928677
size_family,30x15,30,15,10,ta,discrete,discrete_uniform_0_99,"{""low"": 0, ""high"": 99, ""fixed_support"": true}",0,-20723.26583694641,41446.53167389282,41446.53167389282,chi2_uniform_0_99_bins10,16.06222222222222,0.06559353983750127
size_family,30x15,30,15,10,ta,discrete,discrete_uniform_0_100,"{""low"": 0, ""high"": 100, ""fixed_support"": true}",0,-20768.042325785667,41536.084651571335,41536.084651571335,chi2_uniform_0_100_bins10,20.83447474747474,0.013406001746236499
size_family,30x15,30,15,10,ta,discrete,poisson,"{""mu"": 50.746}",1,-53930.11017163808,107862.22034327616,107868.63217595192,,,
size_family,30x15,30,15,10,ta,continuous_exploratory,uniform,"[1.0, 98.0]",2,-20632.353654017574,41268.70730803515,41281.53097338667,KS_continuous,0.02449886621315195,0.00886723760101294
size_family,30x15,30,15,10,ta,continuous_exploratory,weibull_min,"[2.5593994211241426, -15.389475596058148, 74.65530127546265]",3,-21345.741136827157,42697.482273654314,42716.717771681586,KS_continuous,0.06474204816095541,7.66551014229448e-17
size_family,30x15,30,15,10,ta,continuous_exploratory,norm,"[50.746, 28.392356866671786]",2,-21442.763329822774,42889.52665964555,42902.35032499707,KS_continuous,0.062299279960960185,1.2599555485371747e-15
size_family,30x15,30,15,10,ta,continuous_exploratory,lognorm,"[2.7075795195925553e-05, -1048574.9999999995, 1048625.7456156262]",3,-21442.76635053021,42891.53270106042,42910.768199087695,KS_continuous,0.062297978006617016,1.2618005967091486e-15
size_family,30x15,30,15,10,ta,continuous_exploratory,gamma,"[2092.822734174859, -1248.8846384587505, 0.6209972217833517]",3,-21444.47275781659,42894.94551563318,42914.181013660454,KS_continuous,0.061620511511813386,2.690707925041186e-15
size_family,30x15,30,15,10,ta,continuous_exploratory,expon,"[1.0, 49.746]",2,-22081.185262629613,44166.370525259226,44179.194190610746,KS_continuous,0.16608268705636559,5.930098210856413e-109
size_family,30x20,30,20,10,ta,discrete,discrete_uniform_1_99,"{""low"": 1, ""high"": 99, ""fixed_support"": true}",0,-27570.71910080754,55141.43820161508,55141.43820161508,chi2_uniform_1_99_bins10,8.613600000000002,0.4736787255470153
size_family,30x20,30,20,10,ta,discrete,discrete_uniform_minmax,"{""low"": 1, ""high"": 99}",2,-27570.71910080754,55145.43820161508,55158.837231111494,chi2_uniform_minmax_bins10,8.613600000000002,0.4736787255470153
size_family,30x20,30,20,10,ta,discrete,discrete_uniform_1_100,"{""low"": 1, ""high"": 100, ""fixed_support"": true}",0,-27631.02111592855,55262.0422318571,55262.0422318571,chi2_uniform_1_100_bins10,15.306666666666667,0.0828495128083981
size_family,30x20,30,20,10,ta,discrete,discrete_uniform_0_99,"{""low"": 0, ""high"": 99, ""fixed_support"": true}",0,-27631.02111592855,55262.0422318571,55262.0422318571,chi2_uniform_0_99_bins10,24.446666666666665,0.003648289132428353
size_family,30x20,30,20,10,ta,discrete,discrete_uniform_0_100,"{""low"": 0, ""high"": 100, ""fixed_support"": true}",0,-27690.72310104756,55381.44620209512,55381.44620209512,chi2_uniform_0_100_bins10,27.126030303030305,0.0013331695549983296
size_family,30x20,30,20,10,ta,discrete,poisson,"{""mu"": 50.667833333333334}",1,-71547.67693790988,143097.35387581977,143104.05339056798,,,
size_family,30x20,30,20,10,ta,continuous_exploratory,uniform,"[1.0, 98.0]",2,-27509.80487202343,55023.60974404686,55037.008773543275,KS_continuous,0.022391156462584938,0.004802605933507209
size_family,30x20,30,20,10,ta,continuous_exploratory,weibull_min,"[2.4892938340328703, -13.864385457716802, 72.88245987818226]",3,-28445.055097117605,56896.11019423521,56916.20873847984,KS_continuous,0.07096989732187853,1.0066903477551331e-26
size_family,30x20,30,20,10,ta,continuous_exploratory,norm,"[50.667833333333334, 28.34155074513194]",2,-28579.604911656945,57163.20982331389,57176.60885281031,KS_continuous,0.0642690005737292,5.459228927050613e-22
size_family,30x20,30,20,10,ta,continuous_exploratory,lognorm,"[2.702734241155179e-05, -1048574.9999999987, 1048625.6674503332]",3,-28579.607924306943,57165.21584861389,57185.31439285852,KS_continuous,0.06427091231260218,5.443118440561187e-22
size_family,30x20,30,20,10,ta,continuous_exploratory,gamma,"[3432.9704317033757, -1610.8573519758756, 0.48399378253671554]",3,-28580.937029313154,57167.87405862631,57187.97260287094,KS_continuous,0.064877504950138,2.1215506892754053e-22
size_family,30x20,30,20,10,ta,continuous_exploratory,expon,"[1.0, 49.667833333333334]",2,-29432.14504160611,58868.29008321222,58881.689112708635,KS_continuous,0.1643483746229158,4.319765670172021e-142
size_family,50x10,50,10,10,swv,discrete,discrete_uniform_1_100,"{""low"": 1, ""high"": 100, ""fixed_support"": true}",0,-23025.850929940458,46051.701859880915,46051.701859880915,chi2_uniform_1_100_bins10,12.644,0.17938747715538778
size_family,50x10,50,10,10,swv,discrete,discrete_uniform_minmax,"{""low"": 1, ""high"": 100}",2,-23025.850929940458,46055.701859880915,46068.73624626375,chi2_uniform_minmax_bins10,12.644,0.17938747715538778
size_family,50x10,50,10,10,swv,discrete,discrete_uniform_0_100,"{""low"": 0, ""high"": 100, ""fixed_support"": true}",0,-23075.6025842063,46151.2051684126,46151.2051684126,chi2_uniform_0_100_bins10,20.636729090909096,0.014364804109744746
size_family,50x10,50,10,10,swv,discrete,poisson,"{""mu"": 50.2932}",1,-61013.693270632226,122029.38654126445,122035.90373445587,,,
size_family,50x10,50,10,10,swv,discrete,discrete_uniform_1_99,"{""low"": 1, ""high"": 99, ""fixed_support"": true}",0,-inf,inf,inf,chi2_uniform_1_99_bins10,,
size_family,50x10,50,10,10,swv,discrete,discrete_uniform_0_99,"{""low"": 0, ""high"": 99, ""fixed_support"": true}",0,-inf,inf,inf,chi2_uniform_0_99_bins10,,
size_family,50x10,50,10,10,swv,continuous_exploratory,uniform,"[1.0, 99.0]",2,-22975.599250672945,45955.19850134589,45968.23288772872,KS_continuous,0.018557575757575773,0.06308933226633928
size_family,50x10,50,10,10,swv,continuous_exploratory,weibull_min,"[2.1957755007661865, -9.139138918199174, 67.15179958342907]",3,-23762.93384906728,47531.86769813456,47551.41927770881,KS_continuous,0.06588124569215392,2.598335258923012e-19
size_family,50x10,50,10,10,swv,continuous_exploratory,lognorm,"[0.04457023212101139, -597.0771073876457, 646.7279193532542]",3,-23900.87564365237,47807.75128730474,47827.302866878985,KS_continuous,0.063831501264759,3.733355782996773e-18
size_family,50x10,50,10,10,swv,continuous_exploratory,gamma,"[2516.582597323827, -1396.2451039995103, 0.5747986954600399]",3,-23901.766853999747,47809.53370799949,47829.08528757374,KS_continuous,0.06406136993580705,2.7805398482438017e-18
size_family,50x10,50,10,10,swv,continuous_exploratory,norm,"[50.2932, 28.836512163574845]",2,-23902.90450422583,47809.80900845166,47822.84339483449,KS_continuous,0.06506765727288105,7.559386415644826e-19
size_family,50x10,50,10,10,swv,continuous_exploratory,expon,"[1.0, 49.2932]",2,-24488.93070250401,48981.86140500802,48994.89579139085,KS_continuous,0.15344705474966713,2.8840988848869824e-103
size_family,50x15,50,15,10,ta,discrete,discrete_uniform_1_99,"{""low"": 1, ""high"": 99, ""fixed_support"": true}",0,-34463.39887600942,68926.79775201884,68926.79775201884,chi2_uniform_1_99_bins10,2.2662,0.9865250354658351
size_family,50x15,50,15,10,ta,discrete,discrete_uniform_minmax,"{""low"": 1, ""high"": 99}",2,-34463.39887600942,68930.79775201884,68944.6430686179,chi2_uniform_minmax_bins10,2.2662,0.9865250354658351
size_family,50x15,50,15,10,ta,discrete,discrete_uniform_1_100,"{""low"": 1, ""high"": 100, ""fixed_support"": true}",0,-34538.77639491069,69077.55278982138,69077.55278982138,chi2_uniform_1_100_bins10,10.546666666666667,0.3080657683647196
size_family,50x15,50,15,10,ta,discrete,discrete_uniform_0_99,"{""low"": 0, ""high"": 99, ""fixed_support"": true}",0,-34538.77639491069,69077.55278982138,69077.55278982138,chi2_uniform_0_99_bins10,8.096,0.5245014755284078
size_family,50x15,50,15,10,ta,discrete,discrete_uniform_0_100,"{""low"": 0, ""high"": 100, ""fixed_support"": true}",0,-34613.40387630945,69226.8077526189,69226.8077526189,chi2_uniform_0_100_bins10,16.236486060606076,0.06210438597617188
size_family,50x15,50,15,10,ta,discrete,poisson,"{""mu"": 50.1904}",1,-90678.71877475921,181359.43754951842,181366.36020781795,,,
size_family,50x15,50,15,10,ta,continuous_exploratory,uniform,"[1.0, 98.0]",2,-34387.25609002929,68778.51218005858,68792.35749665763,KS_continuous,0.012884353741496601,0.16429130277946224
size_family,50x15,50,15,10,ta,continuous_exploratory,weibull_min,"[2.3377743224754557, -11.519989266301428, 69.73790733202581]",3,-35585.01181608399,71176.02363216798,71196.79160706655,KS_continuous,0.06783897899342206,1.867835575065206e-30
size_family,50x15,50,15,10,ta,continuous_exploratory,norm,"[50.1904, 28.51053631858463]",2,-35769.09185660782,71542.18371321564,71556.02902981469,KS_continuous,0.06364041739585635,7.507709552617234e-27
size_family,50x15,50,15,10,ta,continuous_exploratory,lognorm,"[2.7197121684515563e-05, -1048242.4016694605, 1048292.5916817581]",3,-35769.09313462609,71544.18626925218,71564.95424415075,KS_continuous,0.06364153554261864,7.491665187907008e-27
size_family,50x15,50,15,10,ta,continuous_exploratory,gamma,"[26630.3828081838, -4603.108216344041, 0.1747364682709026]",3,-35769.293624631995,71544.58724926399,71565.35522416256,KS_continuous,0.06377507433490037,5.800948960037261e-27
size_family,50x15,50,15,10,ta,continuous_exploratory,expon,"[1.0, 49.1904]",2,-36717.73861881209,73439.47723762417,73453.32255422322,KS_continuous,0.1639950819982679,9.879981678893382e-177
size_family,50x20,50,20,10,ta,discrete,discrete_uniform_1_99,"{""low"": 1, ""high"": 99, ""fixed_support"": true}",0,-45951.1985013459,91902.3970026918,91902.3970026918,chi2_uniform_1_99_bins10,4.4302600000000005,0.8808849528362268
size_family,50x20,50,20,10,ta,discrete,discrete_uniform_minmax,"{""low"": 1, ""high"": 99}",2,-45951.1985013459,91906.3970026918,91920.81768343574,chi2_uniform_minmax_bins10,4.4302600000000005,0.8808849528362268
size_family,50x20,50,20,10,ta,discrete,discrete_uniform_1_100,"{""low"": 1, ""high"": 100, ""fixed_support"": true}",0,-46051.701859880915,92103.40371976183,92103.40371976183,chi2_uniform_1_100_bins10,13.878,0.12673166643995795
size_family,50x20,50,20,10,ta,discrete,discrete_uniform_0_99,"{""low"": 0, ""high"": 99, ""fixed_support"": true}",0,-46051.701859880915,92103.40371976183,92103.40371976183,chi2_uniform_0_99_bins10,17.14,0.04656819849256883
size_family,50x20,50,20,10,ta,discrete,discrete_uniform_0_100,"{""low"": 0, ""high"": 100, ""fixed_support"": true}",0,-46151.2051684126,92302.4103368252,92302.4103368252,chi2_uniform_0_100_bins10,22.748680909090908,0.006786105912741891
size_family,50x20,50,20,10,ta,discrete,poisson,"{""mu"": 50.0939}",1,-121206.43778053015,242414.8755610603,242422.08590143226,,,
size_family,50x20,50,20,10,ta,continuous_exploratory,uniform,"[1.0, 98.0]",2,-45849.67478670572,91703.34957341144,91717.77025415539,KS_continuous,0.011600000000000055,0.13451072650579932
size_family,50x20,50,20,10,ta,continuous_exploratory,weibull_min,"[2.304804839627306, -10.993769255471136, 69.03725271736886]",3,-47452.319682495916,94910.63936499183,94932.27038610776,KS_continuous,0.06960329545589528,1.4339728112036222e-42
size_family,50x20,50,20,10,ta,continuous_exploratory,norm,"[50.0939, 28.544566607149598]",2,-47704.05139711787,95412.10279423575,95426.5234749797,KS_continuous,0.06342999907349339,2.0211815046157976e-35
size_family,50x20,50,20,10,ta,continuous_exploratory,lognorm,"[2.7376261968354795e-05, -1042625.8266279491, 1042675.9201372274]",3,-47704.05228368195,95414.1045673639,95435.73558847983,KS_continuous,0.06342913502016717,2.0256263611369437e-35
size_family,50x20,50,20,10,ta,continuous_exploratory,gamma,"[95677.70494145941, -8779.355228726152, 0.09228324196047667]",3,-47704.12468533805,95414.2493706761,95435.88039179203,KS_continuous,0.06335814680717747,2.426022437209201e-35
size_family,50x20,50,20,10,ta,continuous_exploratory,expon,"[1.0, 49.0939]",2,-48937.34790829967,97878.69581659934,97893.11649734329,KS_continuous,0.1588015198242141,9.445550780822735e-221
size_family,100x20,100,20,10,ta,discrete,discrete_uniform_1_99,"{""low"": 1, ""high"": 99, ""fixed_support"": true}",0,-91902.3970026918,183804.7940053836,183804.7940053836,chi2_uniform_1_99_bins10,9.256190000000009,0.41396972760285045
size_family,100x20,100,20,10,ta,discrete,discrete_uniform_minmax,"{""low"": 1, ""high"": 99}",2,-91902.3970026918,183808.7940053836,183824.60098048867,chi2_uniform_minmax_bins10,9.256190000000009,0.41396972760285045
size_family,100x20,100,20,10,ta,discrete,discrete_uniform_1_100,"{""low"": 1, ""high"": 100, ""fixed_support"": true}",0,-92103.40371976183,184206.80743952366,184206.80743952366,chi2_uniform_1_100_bins10,37.713,1.9623675851224075e-05
size_family,100x20,100,20,10,ta,discrete,discrete_uniform_0_99,"{""low"": 0, ""high"": 99, ""fixed_support"": true}",0,-92103.40371976183,184206.80743952366,184206.80743952366,chi2_uniform_0_99_bins10,22.840999999999998,0.006563456786457572
size_family,100x20,100,20,10,ta,discrete,discrete_uniform_0_100,"{""low"": 0, ""high"": 100, ""fixed_support"": true}",0,-92302.4103368252,184604.8206736504,184604.8206736504,chi2_uniform_0_100_bins10,47.40929181818181,3.29241087835061e-07
size_family,100x20,100,20,10,ta,discrete,poisson,"{""mu"": 49.7632}",1,-242657.98446049378,485317.96892098757,485325.8724085401,,,
size_family,100x20,100,20,10,ta,continuous_exploratory,uniform,"[1.0, 98.0]",2,-91699.34957341144,183402.69914682288,183418.50612192796,KS_continuous,0.01149591836734694,0.010043203670022007
size_family,100x20,100,20,10,ta,continuous_exploratory,weibull_min,"[2.2643062353428696, -10.362891779571658, 67.94852415568818]",3,-94849.94992522919,189705.89985045837,189729.610313116,KS_continuous,0.06840148690197256,8.297315560567226e-82
size_family,100x20,100,20,10,ta,continuous_exploratory,norm,"[49.7632, 28.48843845773229]",2,-95368.73740047899,190741.47480095798,190757.28177606306,KS_continuous,0.06249580534079158,2.3727497641207332e-68
size_family,100x20,100,20,10,ta,continuous_exploratory,lognorm,"[0.004435062609928607, -6373.732267581633, 6423.432293807891]",3,-95368.65732288157,190743.31464576314,190767.02510842076,KS_continuous,0.06222009867783451,9.412168057536619e-68
size_family,100x20,100,20,10,ta,continuous_exploratory,gamma,"[306493.23872284545, -15721.956167605887, 0.0514586207614893]",3,-95368.69621318711,190743.39242637422,190767.10288903184,KS_continuous,0.06242086474162456,3.452849914108346e-68
size_family,100x20,100,20,10,ta,continuous_exploratory,expon,"[1.0, 48.7632]",2,-97739.51860046506,195483.03720093012,195498.8441760352,KS_continuous,0.15672372012684527,0.0
