scope_type,scope_value,n_files,sizes,model_type,distribution,params,n_params,loglik,aic,bic,gof_test,gof_stat,gof_pvalue
benchmark_family,abz,5,"10x10,20x15",discrete,discrete_uniform_minmax,"{""low"": 11, ""high"": 99}",2,-4937.500006705353,9879.000013410707,9889.00614432828,chi2_uniform_minmax_bins10,1143.5652651515154,1.841975363207013e-240
benchmark_family,abz,5,"10x10,20x15",discrete,discrete_uniform_1_99,"{""low"": 1, ""high"": 99, ""fixed_support"": true}",0,-5054.631835148049,10109.263670296097,10109.263670296097,chi2_uniform_1_99_bins10,1537.2530000000002,0.0
benchmark_family,abz,5,"10x10,20x15",discrete,discrete_uniform_1_100,"{""low"": 1, ""high"": 100, ""fixed_support"": true}",0,-5065.687204586901,10131.374409173803,10131.374409173803,chi2_uniform_1_100_bins10,1562.6545454545458,0.0
benchmark_family,abz,5,"10x10,20x15",discrete,discrete_uniform_0_99,"{""low"": 0, ""high"": 99, ""fixed_support"": true}",0,-5065.687204586901,10131.374409173803,10131.374409173803,chi2_uniform_0_99_bins10,1391.9636363636364,4.212807300281325e-294
benchmark_family,abz,5,"10x10,20x15",discrete,discrete_uniform_0_100,"{""low"": 0, ""high"": 100, ""fixed_support"": true}",0,-5076.632568525386,10153.265137050772,10153.265137050772,chi2_uniform_0_100_bins10,1589.2810909090908,0.0
benchmark_family,abz,5,"10x10,20x15",discrete,poisson,"{""mu"": 32.83}",1,-8865.88002414295,17733.7600482859,17738.763113744688,,,
benchmark_family,abz,5,"10x10,20x15",continuous_exploratory,gamma,"[0.7076059662440598, 10.999999999999996, 28.870442665038496]",3,-4255.031352821572,8516.062705643144,8531.071902019503,KS_continuous,0.16275899266722527,6.27026861754988e-26
benchmark_family,abz,5,"10x10,20x15",continuous_exploratory,weibull_min,"[0.8684241498718641, 10.999999999999996, 21.287851806654423]",3,-4388.985248126579,8783.970496253158,8798.979692629517,KS_continuous,0.1141923879867997,5.957553621242738e-13
benchmark_family,abz,5,"10x10,20x15",continuous_exploratory,expon,"[11.0, 21.83]",2,-4491.613687618037,8987.227375236074,8997.233506153647,KS_continuous,0.10761556216643975,1.5073376867600848e-11
benchmark_family,abz,5,"10x10,20x15",continuous_exploratory,lognorm,"[0.7976836256403466, 7.8105108429899595, 18.45299223539536]",3,-4518.934037289364,9043.868074578728,9058.877270955087,KS_continuous,0.08546082807363709,1.9413910378572263e-07
benchmark_family,abz,5,"10x10,20x15",continuous_exploratory,norm,"[32.83, 20.673153649556756]",2,-4892.551913258395,9789.10382651679,9799.109957434363,KS_continuous,0.20708806138921598,7.485563162065188e-42
benchmark_family,abz,5,"10x10,20x15",continuous_exploratory,uniform,"[11.0, 88.0]",2,-4925.070495926027,9854.140991852055,9864.147122769627,KS_continuous,0.5131818181818182,1.977807705453e-269
benchmark_family,ft,3,"10x10,20x5,6x6",discrete,discrete_uniform_1_99,"{""low"": 1, ""high"": 99, ""fixed_support"": true}",0,-1084.4482846317633,2168.8965692635265,2168.8965692635265,chi2_uniform_1_99_bins10,46.02881355932203,5.94838343459362e-07
benchmark_family,ft,3,"10x10,20x5,6x6",discrete,discrete_uniform_minmax,"{""low"": 1, ""high"": 99}",2,-1084.4482846317633,2172.8965692635265,2179.824232873578,chi2_uniform_minmax_bins10,46.02881355932203,5.94838343459362e-07
benchmark_family,ft,3,"10x10,20x5,6x6",discrete,discrete_uniform_1_100,"{""low"": 1, ""high"": 100, ""fixed_support"": true}",0,-1086.8201638931896,2173.640327786379,2173.640327786379,chi2_uniform_1_100_bins10,48.40677966101695,2.143704032770542e-07
benchmark_family,ft,3,"10x10,20x5,6x6",discrete,discrete_uniform_0_99,"{""low"": 0, ""high"": 99, ""fixed_support"": true}",0,-1086.8201638931896,2173.640327786379,2173.640327786379,chi2_uniform_0_99_bins10,29.423728813559325,0.0005495388157237922
benchmark_family,ft,3,"10x10,20x5,6x6",discrete,discrete_uniform_0_100,"{""low"": 0, ""high"": 100, ""fixed_support"": true}",0,-1089.1684419745372,2178.3368839490745,2178.3368839490745,chi2_uniform_0_100_bins10,41.52434514637904,4.0141855625046135e-06
benchmark_family,ft,3,"10x10,20x5,6x6",discrete,poisson,"{""mu"": 44.13135593220339}",1,-3359.995112681888,6721.990225363776,6725.454057168801,,,
benchmark_family,ft,3,"10x10,20x5,6x6",continuous_exploratory,uniform,"[1.0, 98.0]",2,-1082.0523249662551,2168.1046499325103,2175.0323135425615,KS_continuous,0.14026288481494295,0.00016344083645965295
benchmark_family,ft,3,"10x10,20x5,6x6",continuous_exploratory,weibull_min,"[1.296685680504336, 0.2624279964644133, 47.09397234997729]",3,-1118.3900583712896,2242.780116742579,2253.171612157656,KS_continuous,0.11983400911109487,0.0020695218543413467
benchmark_family,ft,3,"10x10,20x5,6x6",continuous_exploratory,expon,"[1.0, 43.13135593220339]",2,-1124.3630586287081,2252.7261172574163,2259.6537808674675,KS_continuous,0.15624154028204484,1.6932316884888738e-05
benchmark_family,ft,3,"10x10,20x5,6x6",continuous_exploratory,gamma,"[16.306162122240572, -76.6225355893234, 7.412663799681816]",3,-1133.846140117706,2273.692280235412,2284.083775650489,KS_continuous,0.1194941823047915,0.0021514571098893856
benchmark_family,ft,3,"10x10,20x5,6x6",continuous_exploratory,lognorm,"[0.28277012902869386, -64.72330910621598, 104.67410555783846]",3,-1134.3739604184248,2274.7479208368495,2285.1394162519264,KS_continuous,0.11649243079664201,0.003017102135915957
benchmark_family,ft,3,"10x10,20x5,6x6",continuous_exploratory,norm,"[44.13135593220339, 29.91236692024918]",2,-1136.8616868408944,2277.723373681789,2284.65103729184,KS_continuous,0.11429617462824937,0.0038428889041093525
benchmark_family,la,40,"10x10,10x5,15x10,15x15,15x5,20x10,20x5,30x10",discrete,discrete_uniform_minmax,"{""low"": 5, ""high"": 99}",2,-27323.261349603246,54650.52269920649,54663.92172870291,chi2_uniform_minmax_bins10,14.0327037037037,0.12116664034922435
benchmark_family,la,40,"10x10,10x5,15x10,15x15,15x5,20x10,20x5,30x10",discrete,discrete_uniform_1_99,"{""low"": 1, ""high"": 99, ""fixed_support"": true}",0,-27570.71910080754,55141.43820161508,55141.43820161508,chi2_uniform_1_99_bins10,98.50908333333335,3.149636939959608e-17
benchmark_family,la,40,"10x10,10x5,15x10,15x15,15x5,20x10,20x5,30x10",discrete,discrete_uniform_1_100,"{""low"": 1, ""high"": 100, ""fixed_support"": true}",0,-27631.02111592855,55262.0422318571,55262.0422318571,chi2_uniform_1_100_bins10,109.45666666666666,1.8968422374959932e-19
benchmark_family,la,40,"10x10,10x5,15x10,15x15,15x5,20x10,20x5,30x10",discrete,discrete_uniform_0_99,"{""low"": 0, ""high"": 99, ""fixed_support"": true}",0,-27631.02111592855,55262.0422318571,55262.0422318571,chi2_uniform_0_99_bins10,138.64333333333332,1.9658031966364573e-25
benchmark_family,la,40,"10x10,10x5,15x10,15x15,15x5,20x10,20x5,30x10",discrete,discrete_uniform_0_100,"{""low"": 0, ""high"": 100, ""fixed_support"": true}",0,-27690.72310104756,55381.44620209512,55381.44620209512,chi2_uniform_0_100_bins10,146.55363333333335,4.5600964879191845e-27
benchmark_family,la,40,"10x10,10x5,15x10,15x15,15x5,20x10,20x5,30x10",discrete,poisson,"{""mu"": 51.98316666666667}",1,-64249.97166235138,128501.94332470276,128508.64283945097,,,
benchmark_family,la,40,"10x10,10x5,15x10,15x15,15x5,20x10,20x5,30x10",continuous_exploratory,uniform,"[5.0, 94.0]",2,-27259.76869362002,54523.53738724004,54536.936416736455,KS_continuous,0.016113475177304964,0.08773157225345718
benchmark_family,la,40,"10x10,10x5,15x10,15x15,15x5,20x10,20x5,30x10",continuous_exploratory,weibull_min,"[2.387852914902966, -7.7312349242356095, 67.47138693792542]",3,-28171.31920948819,56348.63841897638,56368.73696322101,KS_continuous,0.07289806949873279,3.575679270355873e-28
benchmark_family,la,40,"10x10,10x5,15x10,15x15,15x5,20x10,20x5,30x10",continuous_exploratory,norm,"[51.98316666666667, 27.113604518252867]",2,-28313.84488120942,56631.68976241884,56645.08879191526,KS_continuous,0.06696582348874192,7.734314475268808e-24
benchmark_family,la,40,"10x10,10x5,15x10,15x15,15x5,20x10,20x5,30x10",continuous_exploratory,lognorm,"[5.440040775772138e-06, -4984029.317705708, 4984081.300798624]",3,-28313.84509983603,56633.69019967206,56653.788743916695,KS_continuous,0.06696624663501516,7.7290438470536e-24
benchmark_family,la,40,"10x10,10x5,15x10,15x15,15x5,20x10,20x5,30x10",continuous_exploratory,gamma,"[23379.436778237672, -4093.8283069957797, 0.1773271368685312]",3,-28314.02987645365,56634.0597529073,56654.15829715193,KS_continuous,0.06734245258936988,4.208908581196152e-24
benchmark_family,la,40,"10x10,10x5,15x10,15x15,15x5,20x10,20x5,30x10",continuous_exploratory,expon,"[5.0, 46.98316666666667]",2,-29098.736289171007,58201.472578342014,58214.87160783843,KS_continuous,0.16793745069679827,2.194688065730238e-148
benchmark_family,orb,10,10x10,discrete,discrete_uniform_0_99,"{""low"": 0, ""high"": 99, ""fixed_support"": true}",0,-4605.170185988091,9210.340371976183,9210.340371976183,chi2_uniform_0_99_bins10,44.12,1.341352229319788e-06
benchmark_family,orb,10,10x10,discrete,discrete_uniform_minmax,"{""low"": 0, ""high"": 99}",2,-4605.170185988091,9214.340371976183,9224.155882534147,chi2_uniform_minmax_bins10,44.12,1.341352229319788e-06
benchmark_family,orb,10,10x10,discrete,discrete_uniform_0_100,"{""low"": 0, ""high"": 100, ""fixed_support"": true}",0,-4615.12051684126,9230.24103368252,9230.24103368252,chi2_uniform_0_100_bins10,38.74368181818181,1.281329269184623e-05
benchmark_family,orb,10,10x10,discrete,poisson,"{""mu"": 49.803}",1,-11440.106565348928,22882.213130697855,22887.120885976838,,,
benchmark_family,orb,10,10x10,discrete,discrete_uniform_1_100,"{""low"": 1, ""high"": 100, ""fixed_support"": true}",0,-inf,inf,inf,chi2_uniform_1_100_bins10,,
benchmark_family,orb,10,10x10,discrete,discrete_uniform_1_99,"{""low"": 1, ""high"": 99, ""fixed_support"": true}",0,-inf,inf,inf,chi2_uniform_1_99_bins10,,
benchmark_family,orb,10,10x10,continuous_exploratory,uniform,"[0.0, 99.0]",2,-4595.11985013459,9194.23970026918,9204.055210827144,KS_continuous,0.0495050505050505,0.014365005096273196
benchmark_family,orb,10,10x10,continuous_exploratory,weibull_min,"[1.857623083894982, -1.0233699397920222, 57.17288622158172]",3,-4709.4518456253445,9424.903691250689,9439.626957087636,KS_continuous,0.07826705131478717,8.943446781075387e-06
benchmark_family,orb,10,10x10,continuous_exploratory,lognorm,"[0.17418931933674303, -112.99457831714054, 160.36433476445728]",3,-4748.774316014911,9503.548632029822,9518.271897866769,KS_continuous,0.07966968401466468,5.73043247979454e-06
benchmark_family,orb,10,10x10,continuous_exploratory,gamma,"[100.26461098684462, -230.04951583962304, 2.789529683577518]",3,-4750.195658892,9506.391317784,9521.114583620947,KS_continuous,0.08461682530159573,1.1189975624070568e-06
benchmark_family,orb,10,10x10,continuous_exploratory,norm,"[49.803, 28.079212791672063]",2,-4753.968077484696,9511.936154969391,9521.751665527356,KS_continuous,0.08961336571893858,1.944576296113906e-07
benchmark_family,orb,10,10x10,continuous_exploratory,expon,"[0.0, 49.803]",2,-4908.075223180049,9820.150446360098,9829.965956918062,KS_continuous,0.14986397430579482,4.522288335975341e-20
benchmark_family,swv,20,"20x10,20x15,50x10",discrete,discrete_uniform_1_100,"{""low"": 1, ""high"": 100, ""fixed_support"": true}",0,-34538.77639491069,69077.55278982138,69077.55278982138,chi2_uniform_1_100_bins10,9.856000000000002,0.36226822852496854
benchmark_family,swv,20,"20x10,20x15,50x10",discrete,discrete_uniform_minmax,"{""low"": 1, ""high"": 100}",2,-34538.77639491069,69081.55278982138,69095.39810642043,chi2_uniform_minmax_bins10,9.856000000000002,0.36226822852496854
benchmark_family,swv,20,"20x10,20x15,50x10",discrete,discrete_uniform_0_100,"{""low"": 0, ""high"": 100, ""fixed_support"": true}",0,-34613.40387630945,69226.8077526189,69226.8077526189,chi2_uniform_0_100_bins10,20.071670303030324,0.01747521597425079
benchmark_family,swv,20,"20x10,20x15,50x10",discrete,poisson,"{""mu"": 50.37453333333333}",1,-91269.16565252733,182540.33130505466,182547.2539633542,,,
benchmark_family,swv,20,"20x10,20x15,50x10",discrete,discrete_uniform_1_99,"{""low"": 1, ""high"": 99, ""fixed_support"": true}",0,-inf,inf,inf,chi2_uniform_1_99_bins10,,
benchmark_family,swv,20,"20x10,20x15,50x10",discrete,discrete_uniform_0_99,"{""low"": 0, ""high"": 99, ""fixed_support"": true}",0,-inf,inf,inf,chi2_uniform_0_99_bins10,,
benchmark_family,swv,20,"20x10,20x15,50x10",continuous_exploratory,uniform,"[1.0, 99.0]",2,-34463.398876009414,68930.79775201883,68944.64306861788,KS_continuous,0.012723232323232303,0.174779759246396
benchmark_family,swv,20,"20x10,20x15,50x10",continuous_exploratory,weibull_min,"[2.2448574379409747, -9.94717156108234, 68.16577247962542]",3,-35636.02304799996,71278.04609599992,71298.81407089849,KS_continuous,0.06694326240870152,1.1471838394910486e-29
benchmark_family,swv,20,"20x10,20x15,50x10",continuous_exploratory,lognorm,"[0.026070613814856345, -1053.1802274016202, 1103.179852780507]",3,-35834.5806791252,71675.1613582504,71695.92933314898,KS_continuous,0.061406089185088275,5.004618637610327e-25
benchmark_family,swv,20,"20x10,20x15,50x10",continuous_exploratory,norm,"[50.37453333333333, 28.764623958065034]",2,-35835.636229017335,71675.27245803467,71689.11777463372,KS_continuous,0.0630359442299403,2.3734798249275513e-26
benchmark_family,swv,20,"20x10,20x15,50x10",continuous_exploratory,gamma,"[7865.7422926574, -2499.9072888439605, 0.32422595728204495]",3,-35835.063714957476,71676.12742991495,71696.89540481352,KS_continuous,0.06240977023357969,7.729703779197983e-26
benchmark_family,swv,20,"20x10,20x15,50x10",continuous_exploratory,expon,"[1.0, 49.37453333333333]",2,-36745.7607877487,73495.5215754974,73509.36689209646,KS_continuous,0.15740046993729956,9.233269738695963e-163
benchmark_family,ta,80,"100x20,15x15,20x15,20x20,30x15,30x20,50x15,50x20",discrete,discrete_uniform_1_99,"{""low"": 1, ""high"": 99, ""fixed_support"": true}",0,-263070.61142020527,526141.2228404105,526141.2228404105,chi2_uniform_1_99_bins10,8.546726637554597,0.4801211066935218
benchmark_family,ta,80,"100x20,15x15,20x15,20x20,30x15,30x20,50x15,50x20",discrete,discrete_uniform_minmax,"{""low"": 1, ""high"": 99}",2,-263070.61142020527,526145.2228404105,526163.1332062534,chi2_uniform_minmax_bins10,8.546726637554597,0.4801211066935218
benchmark_family,ta,80,"100x20,15x15,20x15,20x20,30x15,30x20,50x15,50x20",discrete,discrete_uniform_1_100,"{""low"": 1, ""high"": 100, ""fixed_support"": true}",0,-263645.99314781826,527291.9862956365,527291.9862956365,chi2_uniform_1_100_bins10,71.16576419213973,8.9915755558879e-12
benchmark_family,ta,80,"100x20,15x15,20x15,20x20,30x15,30x20,50x15,50x20",discrete,discrete_uniform_0_99,"{""low"": 0, ""high"": 99, ""fixed_support"": true}",0,-263645.99314781826,527291.9862956365,527291.9862956365,chi2_uniform_0_99_bins10,73.75615720524017,2.7805144165602237e-12
benchmark_family,ta,80,"100x20,15x15,20x15,20x20,30x15,30x20,50x15,50x20",discrete,discrete_uniform_0_100,"{""low"": 0, ""high"": 100, ""fixed_support"": true}",0,-264215.64958916215,528431.2991783243,528431.2991783243,chi2_uniform_0_100_bins10,121.10289321159193,7.944013625789004e-22
benchmark_family,ta,80,"100x20,15x15,20x15,20x20,30x15,30x20,50x15,50x20",discrete,poisson,"{""mu"": 50.159475982532754}",1,-692922.9061099896,1385847.8122199792,1385856.7674029006,,,
benchmark_family,ta,80,"100x20,15x15,20x15,20x20,30x15,30x20,50x15,50x20",continuous_exploratory,uniform,"[1.0, 98.0]",2,-262489.38815389026,524982.7763077805,525000.6866736234,KS_continuous,0.010462882096069825,7.148433282379476e-06
benchmark_family,ta,80,"100x20,15x15,20x15,20x20,30x15,30x20,50x15,50x20",continuous_exploratory,weibull_min,"[2.332752549310573, -11.461983629926916, 69.63926419913281]",3,-271645.8552477287,543297.7104954574,543324.5760442216,KS_continuous,0.06909366876111622,4.338190969681765e-238
benchmark_family,ta,80,"100x20,15x15,20x15,20x20,30x15,30x20,50x15,50x20",continuous_exploratory,norm,"[50.159475982532754, 28.521473404090695]",2,-273059.35895181436,546122.7179036287,546140.6282694716,KS_continuous,0.06207214438187758,3.347988946951121e-192
benchmark_family,ta,80,"100x20,15x15,20x15,20x20,30x15,30x20,50x15,50x20",continuous_exploratory,lognorm,"[1.3565238819303056e-05, -2102491.217787865, 2102541.377070397]",3,-273059.3639767744,546124.7279535488,546151.593502313,KS_continuous,0.06207295915078148,3.3093699743360882e-192
benchmark_family,ta,80,"100x20,15x15,20x15,20x20,30x15,30x20,50x15,50x20",continuous_exploratory,gamma,"[25015.08459655683, -4461.0525088007635, 0.1803395383255788]",3,-273060.99734453025,546127.9946890605,546154.8602378247,KS_continuous,0.06235480559707263,5.926095427422989e-194
benchmark_family,ta,80,"100x20,15x15,20x15,20x20,30x15,30x20,50x15,50x20",continuous_exploratory,expon,"[1.0, 49.159475982532754]",2,-280242.7360434609,560489.4720869218,560507.3824527647,KS_continuous,0.15822969351715394,0.0
benchmark_family,yn,4,20x20,discrete,discrete_uniform_minmax,"{""low"": 10, ""high"": 49}",2,-5902.207126582298,11808.414253164596,11819.169770981052,chi2_uniform_minmax_bins10,8.0625,0.5278602155810858
benchmark_family,yn,4,20x20,discrete,discrete_uniform_1_99,"{""low"": 1, ""high"": 99, ""fixed_support"": true}",0,-7352.1917602153435,14704.383520430687,14704.383520430687,chi2_uniform_1_99_bins10,2180.5625000000005,0.0
benchmark_family,yn,4,20x20,discrete,discrete_uniform_1_100,"{""low"": 1, ""high"": 100, ""fixed_support"": true}",0,-7368.2722975809465,14736.544595161893,14736.544595161893,chi2_uniform_1_100_bins10,2218.75,0.0
benchmark_family,yn,4,20x20,discrete,discrete_uniform_0_99,"{""low"": 0, ""high"": 99, ""fixed_support"": true}",0,-7368.2722975809465,14736.544595161893,14736.544595161893,chi2_uniform_0_99_bins10,2409.5125,0.0
benchmark_family,yn,4,20x20,discrete,discrete_uniform_0_100,"{""low"": 0, ""high"": 100, ""fixed_support"": true}",0,-7384.192826946016,14768.385653892032,14768.385653892032,chi2_uniform_0_100_bins10,2255.7754261363634,0.0
benchmark_family,yn,4,20x20,discrete,poisson,"{""mu"": 29.518125}",1,-7792.377973040451,15586.755946080903,15592.13370498913,,,
benchmark_family,yn,4,20x20,continuous_exploratory,uniform,"[10.0, 39.0]",2,-5861.698633807433,11727.397267614866,11738.152785431323,KS_continuous,0.02873397435897436,0.13966320081132644
benchmark_family,yn,4,20x20,continuous_exploratory,weibull_min,"[2.467711500309294, 3.8641488170184104, 28.9736435094597]",3,-6119.249233595112,12244.498467190224,12260.631743914908,KS_continuous,0.06846946962945621,5.755375046610975e-07
benchmark_family,yn,4,20x20,continuous_exploratory,norm,"[29.518125, 11.335990097224636]",2,-6155.07385923827,12314.14771847654,12324.903236292997,KS_continuous,0.06617719002297984,1.5505601869936455e-06
benchmark_family,yn,4,20x20,continuous_exploratory,lognorm,"[1.3513522004791158e-06, -8388597.999999996, 8388627.518117338]",3,-6155.073881602275,12316.14776320455,12332.281039929234,KS_continuous,0.06617721209600858,1.5505456421692833e-06
benchmark_family,yn,4,20x20,continuous_exploratory,gamma,"[10193.626837310632, -1115.2868595400555, 0.112305694778025]",3,-6155.190498717018,12316.380997434037,12332.51427415872,KS_continuous,0.06630644952290454,1.4676036335341107e-06
benchmark_family,yn,4,20x20,continuous_exploratory,expon,"[10.0, 19.518125]",2,-6354.149633669551,12712.299267339102,12723.054785155558,KS_continuous,0.1732086082263231,1.904664086427626e-42
