file,benchmark_family,size_family,jobs,machines,n,min,q25,median,q75,max,mean,std,cv,skewness,kurtosis_excess,unique_values,best_discrete,best_discrete_params,best_discrete_aic,best_discrete_gof_pvalue,best_continuous_exploratory,best_continuous_aic,uniform_1_99_pvalue_bins10,uniform_1_99_chi2_bins10
abz5,abz,10x10,10,10,100,50.0,66.0,79.0,92.0,99.0,77.73,14.417900630322663,0.18548695008777386,-0.14744888917584245,-1.1256989699828281,42,discrete_uniform_minmax,"{""low"": 50, ""high"": 99}",786.4046010856292,0.06282072061787963,uniform,782.3640596221253,2.098656549314854e-20,114.148
abz6,abz,10x10,10,10,100,20.0,39.5,61.0,80.25,98.0,59.46,23.269792270736588,0.39135203953475595,-0.12269010508037961,-1.2057919621459572,57,discrete_uniform_minmax,"{""low"": 20, ""high"": 98}",877.8895704934043,0.8650819231790224,uniform,875.3417653379184,0.003653238148849592,24.443
abz7,abz,20x15,20,15,300,11.0,18.0,24.0,31.0,40.0,24.553333333333335,8.153245176733535,0.33206265992669837,0.15170561912723537,-1.0213017985154675,30,discrete_uniform_minmax,"{""low"": 11, ""high"": 40}",2044.7184289972934,0.2896674903884789,uniform,2024.3774979918844,1.6137615313628928e-147,712.2419999999998
abz8,abz,20x15,20,15,300,11.0,17.75,25.0,33.0,40.0,25.286666666666665,8.846393870041165,0.3498442078845702,0.052823184199092516,-1.2278745586936337,30,discrete_uniform_minmax,"{""low"": 11, ""high"": 40}",2044.7184289972934,0.6717790228951865,uniform,2024.3774979918844,1.5166130876992013e-143,693.762
abz9,abz,20x15,20,15,300,11.0,17.0,25.0,32.25,40.0,24.80666666666667,8.809539270743095,0.3551278932038334,0.053712739735897186,-1.2412887208662047,30,discrete_uniform_minmax,"{""low"": 11, ""high"": 40}",2044.7184289972934,0.6924550289792661,uniform,2024.3774979918844,1.2664357225266478e-144,698.7779999999999
ft06,ft,6x6,6,6,36,1.0,3.0,5.0,8.0,10.0,5.472222222222222,2.8733863656579857,0.5250858333182106,0.16045890877066105,-1.1283751214939537,9,discrete_uniform_minmax,"{""low"": 1, ""high"": 10}",169.7861266955713,0.34156529600304,lognorm,92.15827893646622,1.2196379961839127e-63,320.40000000000003
ft10,ft,10x10,10,10,100,2.0,29.75,48.5,74.25,99.0,51.09,27.283063529515072,0.5340196423862805,-0.014889814975600333,-1.1657255592082507,59,discrete_uniform_1_99,"{""low"": 1, ""high"": 99, ""fixed_support"": true}",919.0239700269179,0.4035793829315888,uniform,918.9421957006766,0.4035793829315888,9.373000000000001
ft20,ft,20x5,20,5,100,2.0,29.75,48.5,74.25,99.0,51.09,27.283063529515076,0.5340196423862805,-0.014889814975600378,-1.1657255592082518,59,discrete_uniform_1_99,"{""low"": 1, ""high"": 99, ""fixed_support"": true}",919.0239700269179,0.4035793829315888,uniform,918.9421957006766,0.4035793829315888,9.373000000000001
la01,la,10x5,10,5,50,12.0,37.25,55.0,78.5,98.0,56.98,25.666216976359234,0.45044255837766295,-0.051678846737319185,-1.225764883970099,38,discrete_uniform_minmax,"{""low"": 12, ""high"": 98}",450.59081186545836,0.8720991789506132,uniform,449.43472962535077,0.3672513430949404,9.796000000000001
la02,la,10x5,10,5,50,12.0,27.25,50.0,76.0,99.0,52.86,27.217948759851055,0.5149063329521577,0.16553351177783682,-1.2858896296885742,39,discrete_uniform_minmax,"{""low"": 12, ""high"": 99}",451.7336814478207,0.6747735092598124,uniform,450.59081186545836,0.07823007397933579,15.494000000000002
la03,la,10x5,10,5,50,7.0,25.25,51.0,65.5,91.0,47.66,25.41139869573238,0.5331808370904823,0.06675989234811636,-1.1137172823419548,39,discrete_uniform_minmax,"{""low"": 7, ""high"": 91}",448.2651256490317,0.22959172033975708,uniform,447.0816798843314,0.24915673255374135,11.402000000000001
la04,la,10x5,10,5,50,5.0,15.25,53.5,77.0,98.0,50.14,32.333725364058616,0.6448688744327605,-0.06594834548975802,-1.5794483630623053,37,discrete_uniform_minmax,"{""low"": 5, ""high"": 98}",458.3294782270004,0.03801794280081313,uniform,457.2599493153257,0.08827901971383131,15.098
la05,la,10x5,10,5,50,5.0,25.5,42.5,63.75,97.0,45.66,25.393724116202332,0.5561481409593152,0.3715084449537322,-0.8034503979594767,40,discrete_uniform_minmax,"{""low"": 5, ""high"": 97}",457.2599493153256,0.7857521839515926,uniform,456.1788577049041,0.39349898620149737,9.488000000000001
la16,la,10x10,10,10,100,7.0,33.0,52.0,77.0,98.0,53.51,26.48708280569145,0.49499313783762755,0.04065280771463704,-1.1744756385302035,61,discrete_uniform_minmax,"{""low"": 7, ""high"": 98}",908.3577154098081,0.730228259442123,uniform,906.1719013033702,0.5090629013616099,8.251
la17,la,10x10,10,10,100,5.0,22.0,42.5,66.5,98.0,46.76,27.501375539519046,0.5881389123079351,0.18903534470789463,-1.1990489577609358,57,discrete_uniform_minmax,"{""low"": 5, ""high"": 98}",912.6589564540008,0.19976983513638702,uniform,910.5198986306514,0.7270423033444042,6.128
la18,la,10x10,10,10,100,5.0,28.75,52.5,73.0,97.0,51.86,25.81441927342629,0.497771293355694,-0.002909261896946287,-1.078015950575372,61,discrete_uniform_minmax,"{""low"": 5, ""high"": 97}",910.5198986306513,0.9406667026699812,uniform,908.357715409808,0.6042557713863822,7.316000000000001
la19,la,10x10,10,10,100,5.0,29.75,56.5,77.25,97.0,53.46,28.035482568136455,0.524419801124887,-0.2492342569688626,-1.2243311060511655,65,discrete_uniform_minmax,"{""low"": 5, ""high"": 97}",910.5198986306513,0.4987714062111551,uniform,908.357715409808,0.5690471485494502,7.657
la20,la,10x10,10,10,100,6.0,31.75,55.5,80.25,99.0,54.45,27.601923150682122,0.5069223719133539,-0.07679304016023182,-1.187419167441007,66,discrete_uniform_minmax,"{""low"": 6, ""high"": 99}",912.6589564540008,0.9753367284778477,uniform,910.5198986306514,0.5090629013616099,8.251
la06,la,15x5,15,5,75,7.0,34.0,52.0,77.0,98.0,53.22666666666667,26.5602697261893,0.49900306349303547,0.076110974627872,-1.1218127595248408,51,discrete_uniform_minmax,"{""low"": 7, ""high"": 98}",682.2682865573561,0.6884841269165619,uniform,680.6289259775276,0.5446600285317429,7.896000000000001
la07,la,15x5,15,5,75,8.0,32.0,52.0,64.0,97.0,49.93333333333333,22.20745755756771,0.4447421406722506,0.10677929392323851,-0.7647553636556097,53,discrete_uniform_minmax,"{""low"": 8, ""high"": 97}",678.9714505495398,0.18155663198089633,uniform,677.2954554598211,0.011436632192083712,21.286666666666665
la08,la,15x5,15,5,75,5.0,20.0,53.0,76.5,98.0,51.0,30.638696606248278,0.6007587569852604,-0.08237433808602887,-1.4398695693913033,50,discrete_uniform_minmax,"{""low"": 5, ""high"": 98}",685.4942173405005,0.19536552524453699,uniform,683.8899239729885,0.5701077833049102,7.6466666666666665
la09,la,15x5,15,5,75,7.0,40.5,61.0,78.5,99.0,56.84,26.35313202576816,0.463637087012107,-0.27809902260474634,-0.9502739344918583,49,discrete_uniform_minmax,"{""low"": 7, ""high"": 99}",683.8899239729884,0.8226926918396038,uniform,682.2682865573561,0.18948816831100354,12.442666666666666
la10,la,15x5,15,5,75,5.0,30.0,57.0,77.0,97.0,53.6,28.316741299765372,0.5282974123090555,-0.23200975248253947,-1.2122082562804486,58,discrete_uniform_minmax,"{""low"": 5, ""high"": 97}",683.8899239729884,0.9309025511673681,uniform,682.2682865573561,0.9557147240275056,3.2026666666666666
la21,la,15x10,15,10,150,7.0,28.75,50.0,77.0,99.0,53.29333333333334,26.643192128588773,0.4999348035136747,0.08209145972382037,-1.2142312933842694,74,discrete_uniform_minmax,"{""low"": 7, ""high"": 99}",1363.7798479459768,0.5351767013483877,uniform,1360.5365731147122,0.050671936230632,16.877333333333336
la22,la,15x10,15,10,150,5.0,24.0,48.5,72.75,98.0,48.81333333333333,27.960755495421086,0.5728097957270094,0.1061076586487387,-1.24247554192749,72,discrete_uniform_minmax,"{""low"": 5, ""high"": 98}",1366.988434681001,0.9728071805832968,uniform,1363.779847945977,0.756476201109072,5.833333333333333
la23,la,15x10,15,10,150,5.0,32.0,57.5,76.75,97.0,53.9,27.082709509249923,0.5024621430287556,-0.292749921026417,-1.0828555216918283,73,discrete_uniform_minmax,"{""low"": 5, ""high"": 97}",1363.7798479459768,0.40711055678518665,uniform,1360.5365731147122,0.4014339940036726,9.397333333333334
la24,la,15x10,15,10,150,5.0,28.25,50.5,72.0,99.0,51.513333333333335,27.182637734102354,0.5276815918358163,-0.007813754041474547,-1.106301519780331,77,discrete_uniform_minmax,"{""low"": 5, ""high"": 99}",1370.1630674801622,0.31096102597854003,uniform,1366.9884346810009,0.4257255905821858,9.126000000000001
la25,la,15x10,15,10,150,5.0,29.0,47.5,74.75,99.0,50.06,27.979673830318443,0.5589227692832289,0.0762603486935523,-1.2166800059115066,82,discrete_uniform_minmax,"{""low"": 5, ""high"": 99}",1370.1630674801622,0.978739397404132,uniform,1366.9884346810009,0.5285797221015283,8.055333333333333
la36,la,15x15,15,15,225,7.0,31.0,51.0,74.0,99.0,52.17333333333333,25.251258808791523,0.4839878381444836,0.11805486083423598,-1.0718625387270284,88,discrete_uniform_minmax,"{""low"": 7, ""high"": 99}",2043.6697719189654,0.31437659177641486,uniform,2038.8048596720676,0.030277273990476694,18.451999999999998
la37,la,15x15,15,15,225,5.0,36.0,58.0,79.0,99.0,55.86222222222222,26.880583214808677,0.48119430530129303,-0.24118693956250523,-1.0960420947821676,92,discrete_uniform_minmax,"{""low"": 5, ""high"": 99}",2053.2446012202436,0.6110700011442183,uniform,2048.4826520215015,0.1734729024745312,12.766222222222224
la38,la,15x15,15,15,225,5.0,25.0,50.0,72.0,99.0,49.85333333333333,27.768346573546136,0.5570008004856808,0.07597469210065802,-1.1675064920415632,82,discrete_uniform_minmax,"{""low"": 5, ""high"": 99}",2053.2446012202436,0.6305897306222041,uniform,2048.4826520215015,0.6312889165860724,7.056
la39,la,15x15,15,15,225,5.0,28.0,52.0,73.0,99.0,51.35111111111111,26.409317739995927,0.5142891199151016,-0.04526135012655325,-1.171375787927781,89,discrete_uniform_minmax,"{""low"": 5, ""high"": 99}",2053.2446012202436,0.8461285349237436,uniform,2048.4826520215015,0.3142762567209063,10.463555555555553
la40,la,15x15,15,15,225,5.0,27.0,50.0,73.0,99.0,50.986666666666665,27.33660549519636,0.5361520429235688,0.07453888351156761,-1.1994671949765903,87,discrete_uniform_minmax,"{""low"": 5, ""high"": 99}",2053.2446012202436,0.8980240797575485,uniform,2048.4826520215015,0.3581303260487945,9.906222222222222
la11,la,20x5,20,5,100,7.0,33.0,52.0,77.0,98.0,53.51,26.48708280569145,0.49499313783762755,0.04065280771463704,-1.174475638530203,61,discrete_uniform_minmax,"{""low"": 7, ""high"": 98}",908.3577154098081,0.730228259442123,uniform,906.1719013033702,0.5090629013616099,8.251
la12,la,20x5,20,5,100,5.0,22.0,42.5,66.5,98.0,46.76,27.501375539519046,0.5881389123079351,0.18903534470789465,-1.1990489577609362,57,discrete_uniform_minmax,"{""low"": 5, ""high"": 98}",912.6589564540008,0.19976983513638702,uniform,910.5198986306514,0.7270423033444042,6.128
la13,la,20x5,20,5,100,5.0,28.75,52.5,73.0,97.0,51.86,25.814419273426285,0.4977712933556939,-0.0029092618969463195,-1.0780159505753697,61,discrete_uniform_minmax,"{""low"": 5, ""high"": 97}",910.5198986306513,0.9406667026699812,uniform,908.357715409808,0.6042557713863822,7.316000000000001
la14,la,20x5,20,5,100,5.0,29.75,56.5,77.25,97.0,53.46,28.03548256813645,0.5244198011248868,-0.24923425696886264,-1.224331106051165,65,discrete_uniform_minmax,"{""low"": 5, ""high"": 97}",910.5198986306513,0.4987714062111551,uniform,908.357715409808,0.5690471485494502,7.657
la15,la,20x5,20,5,100,6.0,31.75,55.5,80.25,99.0,54.45,27.60192315068212,0.5069223719133539,-0.0767930401602318,-1.1874191674410068,66,discrete_uniform_minmax,"{""low"": 6, ""high"": 99}",912.6589564540008,0.9753367284778477,uniform,910.5198986306514,0.5090629013616099,8.251
la26,la,20x10,20,10,200,7.0,31.0,50.5,75.25,99.0,52.575,25.84908608164477,0.4916611713104093,0.09976223925428722,-1.124313768231476,86,discrete_uniform_minmax,"{""low"": 7, ""high"": 99}",1817.0397972613025,0.6406247255085248,uniform,1812.7154308196157,0.07520726790604489,15.622
la27,la,20x10,20,10,200,5.0,33.0,54.0,77.25,99.0,54.16,26.367796713369664,0.48685001317152266,-0.07849914008185223,-1.1222307278990993,82,discrete_uniform_minmax,"{""low"": 5, ""high"": 99}",1825.5507566402164,0.9317923725266992,uniform,1821.3179129080013,0.29886323052047736,10.672
la28,la,20x10,20,10,200,5.0,31.0,55.0,74.25,99.0,53.41,27.157125165160263,0.5084651781531598,-0.07030793329594993,-1.0959403304868076,85,discrete_uniform_minmax,"{""low"": 5, ""high"": 99}",1825.5507566402164,0.931184892832221,uniform,1821.3179129080013,0.7230441897645288,6.1675
la29,la,20x10,20,10,200,5.0,27.75,47.0,74.25,99.0,49.645,27.42846291518078,0.552491951156829,0.0876621508108663,-1.1892393382153785,88,discrete_uniform_minmax,"{""low"": 5, ""high"": 99}",1825.5507566402164,0.8470423415620776,uniform,1821.3179129080013,0.40689858158036873,9.3355
la30,la,20x10,20,10,200,5.0,30.0,56.5,79.0,99.0,53.4,27.842341494556408,0.5213921628194084,-0.15956782939580236,-1.2392540783603394,80,discrete_uniform_minmax,"{""low"": 5, ""high"": 99}",1825.5507566402164,0.7087062292943911,uniform,1821.3179129080013,0.34245050415591677,10.100000000000001
la31,la,30x10,30,10,300,5.0,27.75,50.0,74.25,99.0,50.63666666666666,26.50786446479299,0.5234914975602593,0.11188499516121624,-1.1430259227637045,92,discrete_uniform_minmax,"{""low"": 5, ""high"": 99}",2736.3261349603245,0.4880473818675095,uniform,2729.976869362002,0.29959027198157506,10.661999999999997
la32,la,30x10,30,10,300,5.0,32.0,58.0,79.25,99.0,55.23,27.502698560207605,0.49796665870374085,-0.20856555604786522,-1.153161083362906,94,discrete_uniform_minmax,"{""low"": 5, ""high"": 99}",2736.3261349603245,0.48941809746821496,uniform,2729.976869362002,0.15795656635652996,13.104000000000001
la33,la,30x10,30,10,300,5.0,27.0,48.0,74.0,99.0,49.89666666666667,27.21853813640928,0.5454981255209288,0.015638212573555056,-1.2188544200606457,92,discrete_uniform_minmax,"{""low"": 5, ""high"": 99}",2736.3261349603245,0.7337122843389259,uniform,2729.976869362002,0.5926502809563277,7.428
la34,la,30x10,30,10,300,5.0,27.75,49.5,74.25,99.0,51.13666666666666,27.719775288212304,0.5420723933553022,0.07148331059772838,-1.2235836347339473,92,discrete_uniform_minmax,"{""low"": 5, ""high"": 99}",2736.3261349603245,0.679394898147112,uniform,2729.976869362002,0.12394698522154173,13.954666666666666
la35,la,30x10,30,10,300,5.0,28.75,50.0,77.0,99.0,51.61666666666667,27.897861767398325,0.5404816616221826,0.0458710338444068,-1.1890903413559175,88,discrete_uniform_minmax,"{""low"": 5, ""high"": 99}",2736.3261349603245,0.4073373910388978,uniform,2729.976869362002,0.06740549205916209,15.974999999999998
orb01,orb,10x10,10,10,100,5.0,31.75,52.0,82.25,99.0,54.09,28.68924234382334,0.5303982685121712,-0.03146525388658477,-1.1652100026378678,66,discrete_uniform_minmax,"{""low"": 5, ""high"": 99}",914.7753783201082,0.13485814254166145,uniform,912.6589564540005,0.4673217429821279,8.679999999999998
orb02,orb,10x10,10,10,100,6.0,24.0,54.0,78.0,99.0,52.55,28.886533509263764,0.5496961657328975,-0.05001553702017422,-1.380303884665866,56,discrete_uniform_minmax,"{""low"": 6, ""high"": 99}",912.6589564540008,0.08337935771265906,uniform,910.5198986306514,0.263042359558194,11.188000000000002
orb03,orb,10x10,10,10,100,5.0,25.75,52.5,81.0,99.0,52.92,28.202256518358112,0.5329224587747187,0.06404626035077456,-1.3711000298551677,60,discrete_uniform_minmax,"{""low"": 5, ""high"": 99}",914.7753783201082,0.2190377049254366,uniform,912.6589564540005,0.050353590410365974,16.897000000000002
orb04,orb,10x10,10,10,100,5.0,34.75,58.0,79.25,98.0,56.28,26.534551517642505,0.47147390756294427,-0.2065311639446208,-1.047624917365555,60,discrete_uniform_minmax,"{""low"": 5, ""high"": 98}",912.6589564540008,0.6443842304694127,uniform,910.5198986306514,0.4746972438498275,8.603
orb05,orb,10x10,10,10,100,5.0,25.75,48.5,73.25,99.0,49.08,27.35611762873474,0.5573781097949214,0.09234028437869005,-1.309313053873138,69,discrete_uniform_minmax,"{""low"": 5, ""high"": 99}",914.7753783201082,0.2835963332740599,uniform,912.6589564540005,0.09140399713483763,14.983000000000002
orb06,orb,10x10,10,10,100,6.0,38.75,55.0,80.0,99.0,56.14,26.6135911203887,0.47405755469164057,-0.16988995944613014,-0.9832281365327367,63,discrete_uniform_minmax,"{""low"": 6, ""high"": 99}",912.6589564540008,0.6617674732476704,uniform,910.5198986306514,0.1599993394780451,13.057999999999998
orb07,orb,10x10,10,10,100,0.0,15.75,22.0,29.0,59.0,24.07,11.512185024590424,0.4782793944574335,0.827656168206251,0.4747230423263886,39,discrete_uniform_minmax,"{""low"": 0, ""high"": 59}",822.8689124444201,2.4891516534586347e-12,lognorm,273.41242179823644,,
orb08,orb,10x10,10,10,100,5.0,20.75,44.0,66.5,97.0,45.6,28.013344583385166,0.6143277320917799,0.26490273692991945,-1.0694896890684604,61,discrete_uniform_minmax,"{""low"": 5, ""high"": 97}",910.5198986306513,0.27779386865453953,uniform,908.357715409808,0.6145378829346255,7.217
orb09,orb,10x10,10,10,100,5.0,29.75,51.5,74.25,99.0,51.81,28.33268983226466,0.5468575532187736,-0.06721710031196262,-1.207125232079686,66,discrete_uniform_minmax,"{""low"": 5, ""high"": 99}",914.7753783201082,0.649033463912374,uniform,912.6589564540005,0.8936258440574286,4.258
orb10,orb,10x10,10,10,100,5.0,30.5,61.0,78.25,99.0,55.49,28.062878532238123,0.5057285732967765,-0.25302234371321314,-1.173922358241686,64,discrete_uniform_minmax,"{""low"": 5, ""high"": 99}",914.7753783201082,0.5146760505769881,uniform,912.6589564540005,0.4842578080654132,8.504
swv01,swv,20x10,20,10,200,1.0,23.0,49.5,74.25,100.0,48.695,28.952082661740608,0.5945596603704817,-0.02595877729016974,-1.3116608480969527,86,discrete_uniform_1_100,"{""low"": 1, ""high"": 100, ""fixed_support"": true}",1842.0680743952366,0.554420435872857,uniform,1842.0479400538356,,
swv02,swv,20x10,20,10,200,1.0,25.75,51.0,69.25,100.0,50.005,28.007087670784248,0.5600857448412008,0.09586851220914154,-0.9968656495208967,89,discrete_uniform_1_100,"{""low"": 1, ""high"": 100, ""fixed_support"": true}",1842.0680743952366,0.03756608354257083,uniform,1842.0479400538356,,
swv03,swv,20x10,20,10,200,1.0,25.0,52.0,68.25,100.0,49.475,27.719872504365735,0.560280394226695,0.0009396457036244779,-1.1238543919889312,85,discrete_uniform_1_100,"{""low"": 1, ""high"": 100, ""fixed_support"": true}",1842.0680743952366,0.2557046597269989,uniform,1842.0479400538356,,
swv04,swv,20x10,20,10,200,1.0,29.0,51.5,76.25,100.0,51.2,29.11923158740982,0.568734991941598,0.0006396696721666668,-1.1772531184193868,85,discrete_uniform_1_100,"{""low"": 1, ""high"": 100, ""fixed_support"": true}",1842.0680743952366,0.9240759301265984,uniform,1842.0479400538356,,
swv05,swv,20x10,20,10,200,1.0,26.75,54.0,76.0,100.0,50.485,29.059456897469357,0.5756057620574301,-0.11882837055111678,-1.2274804222130897,88,discrete_uniform_1_100,"{""low"": 1, ""high"": 100, ""fixed_support"": true}",1842.0680743952366,0.07341687854273769,uniform,1842.0479400538356,,
swv06,swv,20x15,20,15,300,1.0,26.0,51.5,75.25,100.0,50.79666666666667,29.204422894673424,0.5749279393924817,0.020385296704862114,-1.210318638896872,95,discrete_uniform_1_100,"{""low"": 1, ""high"": 100, ""fixed_support"": true}",2763.102111592855,0.8831713784241684,uniform,2761.0719100807537,,
swv07,swv,20x15,20,15,300,1.0,23.0,46.0,74.0,100.0,48.54666666666667,29.113337900371818,0.5996979792715974,0.11230171629555631,-1.1433734475888007,94,discrete_uniform_1_100,"{""low"": 1, ""high"": 100, ""fixed_support"": true}",2763.102111592855,0.03924375648645629,uniform,2761.0719100807537,,
swv08,swv,20x15,20,15,300,1.0,28.0,53.5,77.0,100.0,52.69,29.052608837547766,0.5513875277575966,-0.11805870877206565,-1.1340895342983943,98,discrete_uniform_1_100,"{""low"": 1, ""high"": 100, ""fixed_support"": true}",2763.102111592855,0.6301784543581157,uniform,2761.0719100807537,,
swv09,swv,20x15,20,15,300,1.0,25.0,50.5,75.0,100.0,50.08,28.111702653645093,0.5613359156079292,-0.013365968200066275,-1.1903158012607433,94,discrete_uniform_1_100,"{""low"": 1, ""high"": 100, ""fixed_support"": true}",2763.102111592855,0.3838265173713845,uniform,2761.0719100807537,,
swv10,swv,20x15,20,15,300,2.0,30.0,52.0,77.0,100.0,52.45666666666666,27.926470382936913,0.5323721875123005,-0.03482127345232517,-1.14046354386048,94,discrete_uniform_minmax,"{""low"": 2, ""high"": 100}",2761.0719100807537,0.8383859615204794,uniform,2754.980487202343,,
swv11,swv,50x10,50,10,500,1.0,27.0,48.0,75.0,100.0,50.798,28.708632275576427,0.5651528067163358,0.04803884427923356,-1.1663775957467957,99,discrete_uniform_1_100,"{""low"": 1, ""high"": 100, ""fixed_support"": true}",4605.170185988091,0.1958644508951414,uniform,4599.11985013459,,
swv12,swv,50x10,50,10,500,1.0,28.0,51.0,75.0,100.0,51.052,28.97924929634236,0.5676418024042615,-0.0012189083479170325,-1.1332496698291932,100,discrete_uniform_1_100,"{""low"": 1, ""high"": 100, ""fixed_support"": true}",4605.170185988091,0.09891984481485114,uniform,4599.11985013459,,
swv13,swv,50x10,50,10,500,1.0,24.75,55.0,79.0,100.0,51.72,29.968948525957714,0.5794460271840238,-0.07974620991939838,-1.2872867284450158,99,discrete_uniform_1_100,"{""low"": 1, ""high"": 100, ""fixed_support"": true}",4605.170185988091,0.5872741678279128,uniform,4599.11985013459,,
swv14,swv,50x10,50,10,500,1.0,23.0,52.0,75.0,100.0,50.034,28.653776746594634,0.5726861083781956,-0.03701211274036004,-1.221587646479143,100,discrete_uniform_1_100,"{""low"": 1, ""high"": 100, ""fixed_support"": true}",4605.170185988091,0.6371194071693982,uniform,4599.11985013459,,
swv15,swv,50x10,50,10,500,1.0,25.75,47.0,74.25,100.0,49.978,27.821314978524445,0.556671234913851,0.13461728826322564,-1.2047897963294276,98,discrete_uniform_1_100,"{""low"": 1, ""high"": 100, ""fixed_support"": true}",4605.170185988091,0.08558679062301312,uniform,4599.11985013459,,
swv16,swv,50x10,50,10,500,1.0,25.0,52.0,76.25,100.0,50.666,29.622853862210572,0.5846692824026087,-0.012686507006159505,-1.2246130666560955,98,discrete_uniform_1_100,"{""low"": 1, ""high"": 100, ""fixed_support"": true}",4605.170185988091,0.6828233064694742,uniform,4599.11985013459,,
swv17,swv,50x10,50,10,500,1.0,24.75,46.0,74.0,100.0,48.918,28.49271741852264,0.5824587558469815,0.11170995741713202,-1.1705072508137648,100,discrete_uniform_1_100,"{""low"": 1, ""high"": 100, ""fixed_support"": true}",4605.170185988091,0.11270788004322972,uniform,4599.11985013459,,
swv18,swv,50x10,50,10,500,1.0,26.0,45.0,74.25,100.0,49.342,28.94561682650646,0.5866324191663584,0.13420237613316705,-1.1718302537351666,99,discrete_uniform_1_100,"{""low"": 1, ""high"": 100, ""fixed_support"": true}",4605.170185988091,0.14206208922461447,uniform,4599.11985013459,,
swv19,swv,50x10,50,10,500,1.0,26.0,51.0,77.0,100.0,51.19,28.917925112040304,0.5649135595241318,0.05782688371375778,-1.1702573740227955,99,discrete_uniform_1_100,"{""low"": 1, ""high"": 100, ""fixed_support"": true}",4605.170185988091,0.4865883244581801,uniform,4599.11985013459,,
swv20,swv,50x10,50,10,500,1.0,25.0,50.0,73.0,100.0,49.234,28.347317064751277,0.5757670931622715,0.013072675027346138,-1.1576975968434726,100,discrete_uniform_1_100,"{""low"": 1, ""high"": 100, ""fixed_support"": true}",4605.170185988091,0.60384074983639,uniform,4599.11985013459,,
ta01,ta,15x15,15,15,225,1.0,27.0,53.0,79.0,99.0,51.87111111111111,29.22627717958238,0.5634403534749409,-0.0659175527027605,-1.3122828493714842,87,discrete_uniform_1_99,"{""low"": 1, ""high"": 99, ""fixed_support"": true}",2067.8039325605655,0.8475020734257089,uniform,2067.235365401757,0.8475020734257089,4.846222222222222
ta02,ta,15x15,15,15,225,1.0,25.0,52.0,72.0,99.0,50.471111111111114,28.074205101186607,0.5562430563373535,0.012467907143819562,-1.1748318161982547,85,discrete_uniform_1_99,"{""low"": 1, ""high"": 99, ""fixed_support"": true}",2067.8039325605655,0.4339577306116711,uniform,2067.235365401757,0.4339577306116711,9.036
ta03,ta,15x15,15,15,225,1.0,24.0,49.0,75.0,99.0,49.693333333333335,28.534271374211446,0.5742072318395113,0.020234845352196256,-1.2584840411318923,89,discrete_uniform_1_99,"{""low"": 1, ""high"": 99, ""fixed_support"": true}",2067.8039325605655,0.8193441990837168,uniform,2067.235365401757,0.8193441990837168,5.168888888888888
ta04,ta,15x15,15,15,225,1.0,25.0,47.0,70.0,98.0,48.66222222222222,27.422970761695847,0.5635371651640849,0.048549485277840615,-1.1056580157979228,85,discrete_uniform_minmax,"{""low"": 1, ""high"": 98}",2067.2353654017575,0.6173630083585797,uniform,2062.6199403265223,0.7853502320684527,5.535555555555555
ta05,ta,15x15,15,15,225,1.0,24.0,50.0,75.0,99.0,50.00888888888889,28.951312441122457,0.5789233291194945,-0.020061576550517976,-1.2055186200659571,83,discrete_uniform_1_99,"{""low"": 1, ""high"": 99, ""fixed_support"": true}",2067.8039325605655,0.9405306665767589,uniform,2067.235365401757,0.9405306665767589,3.511555555555555
ta06,ta,15x15,15,15,225,1.0,27.0,52.0,75.0,99.0,50.44888888888889,28.775738651173402,0.5703939033137182,-0.04264354840996414,-1.1991750962169816,93,discrete_uniform_1_99,"{""low"": 1, ""high"": 99, ""fixed_support"": true}",2067.8039325605655,0.4179395014555162,uniform,2067.235365401757,0.4179395014555162,9.212000000000002
ta07,ta,15x15,15,15,225,1.0,26.0,51.0,78.0,99.0,51.346666666666664,29.198440516086276,0.5686530871738433,0.0062131356697991795,-1.2499940651114143,89,discrete_uniform_1_99,"{""low"": 1, ""high"": 99, ""fixed_support"": true}",2067.8039325605655,0.6765230517465826,uniform,2067.235365401757,0.6765230517465826,6.6208888888888895
ta08,ta,15x15,15,15,225,1.0,23.0,51.0,80.0,99.0,50.675555555555555,30.991452994820342,0.6115661220693367,-0.0774546606678089,-1.3513603025216512,84,discrete_uniform_1_99,"{""low"": 1, ""high"": 99, ""fixed_support"": true}",2067.8039325605655,0.25764042584955993,uniform,2067.235365401757,0.25764042584955993,11.270222222222223
ta09,ta,15x15,15,15,225,1.0,29.0,53.0,78.0,99.0,52.6,28.366856918392834,0.5392938577641223,-0.12590526421720968,-1.189528495857439,89,discrete_uniform_1_99,"{""low"": 1, ""high"": 99, ""fixed_support"": true}",2067.8039325605655,0.4753704022611579,uniform,2067.235365401757,0.4753704022611579,8.596000000000002
ta10,ta,15x15,15,15,225,1.0,25.0,51.0,75.0,99.0,50.471111111111114,29.455176465859452,0.5836046763665355,-0.03630430596641899,-1.2118896759679136,93,discrete_uniform_1_99,"{""low"": 1, ""high"": 99, ""fixed_support"": true}",2067.8039325605655,0.8945678384884111,uniform,2067.235365401757,0.8945678384884111,4.24488888888889
ta11,ta,20x15,20,15,300,2.0,23.0,46.5,71.0,99.0,48.156666666666666,27.847508590017995,0.5782690231193603,0.15239842309854848,-1.1209619486690097,93,discrete_uniform_minmax,"{""low"": 2, ""high"": 99}",2754.9804872023433,0.5098884974375631,uniform,2748.8265871020294,0.26510076680165745,11.156999999999996
ta12,ta,20x15,20,15,300,1.0,27.0,53.0,77.0,99.0,51.86333333333334,28.366650815417653,0.5469500125088563,-0.060405485005322904,-1.2237896788516307,94,discrete_uniform_1_99,"{""low"": 1, ""high"": 99, ""fixed_support"": true}",2757.0719100807537,0.7901796524679499,uniform,2754.980487202343,0.7901796524679499,5.484666666666667
ta13,ta,20x15,20,15,300,1.0,22.0,48.0,75.0,99.0,48.47,29.661339882278416,0.6119525455390636,0.08381677576809621,-1.2686308862048514,95,discrete_uniform_1_99,"{""low"": 1, ""high"": 99, ""fixed_support"": true}",2757.0719100807537,0.7521627811462637,uniform,2754.980487202343,0.7521627811462637,5.877000000000001
ta14,ta,20x15,20,15,300,1.0,23.0,47.5,69.25,99.0,47.7,27.34634788184551,0.5732986977326102,0.15882428656896247,-1.1397889911062051,98,discrete_uniform_1_99,"{""low"": 1, ""high"": 99, ""fixed_support"": true}",2757.0719100807537,0.3918479717906209,uniform,2754.980487202343,0.3918479717906209,9.506999999999998
ta15,ta,20x15,20,15,300,1.0,22.0,49.0,76.0,99.0,48.63666666666666,29.205842904369977,0.6004902248859567,-0.012381265189393129,-1.3106837842100916,95,discrete_uniform_1_99,"{""low"": 1, ""high"": 99, ""fixed_support"": true}",2757.0719100807537,0.0818099087126626,uniform,2754.980487202343,0.0818099087126626,15.347999999999999
ta16,ta,20x15,20,15,300,1.0,25.75,57.0,76.0,98.0,51.8,28.252208603397712,0.5454094324980253,-0.14396044359413024,-1.234380552874637,95,discrete_uniform_minmax,"{""low"": 1, ""high"": 98}",2754.9804872023433,0.07623089345353198,uniform,2748.8265871020294,0.11122492332614194,14.325
ta17,ta,20x15,20,15,300,1.0,29.0,55.0,73.0,99.0,51.81333333333333,28.24922212600973,0.5452114409291636,-0.12205134941256521,-1.1529367829214485,94,discrete_uniform_1_99,"{""low"": 1, ""high"": 99, ""fixed_support"": true}",2757.0719100807537,0.3804924781460066,uniform,2754.980487202343,0.3804924781460066,9.639
ta18,ta,20x15,20,15,300,1.0,25.0,54.0,74.0,99.0,49.73,28.518557591335174,0.573467878369901,-0.08876590291593708,-1.215439690800454,92,discrete_uniform_1_99,"{""low"": 1, ""high"": 99, ""fixed_support"": true}",2757.0719100807537,0.2216851784512593,uniform,2754.980487202343,0.2216851784512593,11.853666666666664
ta19,ta,20x15,20,15,300,1.0,23.75,48.0,73.25,99.0,49.24333333333333,28.611293971050696,0.581018627991282,0.04201619398228465,-1.234536122086589,95,discrete_uniform_1_99,"{""low"": 1, ""high"": 99, ""fixed_support"": true}",2757.0719100807537,0.97633832953415,uniform,2754.980487202343,0.97633832953415,2.6576666666666666
ta20,ta,20x15,20,15,300,1.0,24.0,50.5,74.0,99.0,50.443333333333335,28.83165511513022,0.5715652239832859,0.011633709094255219,-1.258820976567723,94,discrete_uniform_1_99,"{""low"": 1, ""high"": 99, ""fixed_support"": true}",2757.0719100807537,0.5121367357045595,uniform,2754.980487202343,0.5121367357045595,8.22
ta21,ta,20x20,20,20,400,1.0,24.0,50.0,78.0,99.0,50.4225,29.700999430455532,0.5890425788180977,0.008857609834118358,-1.3221357556691322,98,discrete_uniform_1_99,"{""low"": 1, ""high"": 99, ""fixed_support"": true}",3676.0958801076717,0.7222838319368247,uniform,3671.973982936457,0.7222838319368247,6.174999999999997
ta22,ta,20x20,20,20,400,1.0,24.0,50.0,78.25,99.0,50.3575,29.37067048027935,0.5832432205784511,-0.027160942053616306,-1.297447834166483,96,discrete_uniform_1_99,"{""low"": 1, ""high"": 99, ""fixed_support"": true}",3676.0958801076717,0.7645085334135642,uniform,3671.973982936457,0.7645085334135642,5.7515
ta23,ta,20x20,20,20,400,1.0,27.0,48.5,76.25,99.0,50.215,28.381818017614066,0.565205974661238,0.017817676623192228,-1.191028056417559,99,discrete_uniform_1_99,"{""low"": 1, ""high"": 99, ""fixed_support"": true}",3676.0958801076717,0.4965713646188592,uniform,3671.973982936457,0.4965713646188592,8.37775
ta24,ta,20x20,20,20,400,1.0,26.75,50.5,77.25,99.0,51.0,28.83267778529557,0.5653466232410896,-0.031667974279080996,-1.2412183038532123,98,discrete_uniform_1_99,"{""low"": 1, ""high"": 99, ""fixed_support"": true}",3676.0958801076717,0.9725177188544434,uniform,3671.973982936457,0.9725177188544434,2.775999999999999
ta25,ta,20x20,20,20,400,1.0,25.0,50.0,74.0,99.0,49.135,28.882907243334554,0.5878275616838212,0.04014396708284478,-1.1525122091570297,97,discrete_uniform_1_99,"{""low"": 1, ""high"": 99, ""fixed_support"": true}",3676.0958801076717,0.25922311792691644,uniform,3671.973982936457,0.25922311792691644,11.245999999999999
ta26,ta,20x20,20,20,400,1.0,27.75,53.0,75.0,99.0,51.4825,27.794171757929274,0.5398761085403637,-0.07435551474775463,-1.16949727635172,99,discrete_uniform_1_99,"{""low"": 1, ""high"": 99, ""fixed_support"": true}",3676.0958801076717,0.8861624894742233,uniform,3671.973982936457,0.8861624894742233,4.360000000000001
ta27,ta,20x20,20,20,400,1.0,28.0,54.0,78.25,99.0,52.7275,28.771387272147823,0.5456618893774183,-0.10775270995688628,-1.1942684957480392,98,discrete_uniform_1_99,"{""low"": 1, ""high"": 99, ""fixed_support"": true}",3676.0958801076717,0.7122128161594412,uniform,3671.973982936457,0.7122128161594412,6.273999999999997
ta28,ta,20x20,20,20,400,1.0,25.0,51.0,77.25,99.0,50.505,29.492702890876647,0.5839561011954588,-0.044378062648109014,-1.324019264944635,97,discrete_uniform_1_99,"{""low"": 1, ""high"": 99, ""fixed_support"": true}",3676.0958801076717,0.22424844630659377,uniform,3671.973982936457,0.22424844630659377,11.809749999999998
ta29,ta,20x20,20,20,400,1.0,29.0,52.5,76.25,99.0,52.455,28.28326063381308,0.5391909376382248,-0.10904107555272531,-1.216570091431062,95,discrete_uniform_1_99,"{""low"": 1, ""high"": 99, ""fixed_support"": true}",3676.0958801076717,0.03079104404380131,uniform,3671.973982936457,0.03079104404380131,18.401499999999995
ta30,ta,20x20,20,20,400,1.0,24.0,52.5,75.0,99.0,50.13,29.09948539279197,0.5804804586633148,-0.0476677868895676,-1.2576494171716976,96,discrete_uniform_1_99,"{""low"": 1, ""high"": 99, ""fixed_support"": true}",3676.0958801076717,0.3191595420609474,uniform,3671.973982936457,0.3191595420609474,10.399000000000001
ta31,ta,30x15,30,15,450,1.0,25.25,52.0,75.0,99.0,50.22222222222222,28.681562401249828,0.5710930566620541,-0.009426767091938007,-1.1740688125943086,99,discrete_uniform_1_99,"{""low"": 1, ""high"": 99, ""fixed_support"": true}",4135.607865121131,0.11139614668966187,uniform,4130.470730803514,0.11139614668966187,14.319777777777778
ta32,ta,30x15,30,15,450,1.0,30.0,53.0,74.0,99.0,51.568888888888885,27.33991120806965,0.5301628907882161,-0.12871673227796507,-1.0895736722353864,97,discrete_uniform_1_99,"{""low"": 1, ""high"": 99, ""fixed_support"": true}",4135.607865121131,0.5746519988399983,uniform,4130.470730803514,0.5746519988399983,7.602444444444445
ta33,ta,30x15,30,15,450,1.0,27.0,55.0,76.0,99.0,52.65111111111111,28.14740963465913,0.5346023861729882,-0.1387592251685637,-1.1677425002906698,99,discrete_uniform_1_99,"{""low"": 1, ""high"": 99, ""fixed_support"": true}",4135.607865121131,0.21193475051387908,uniform,4130.470730803514,0.21193475051387908,12.024444444444445
ta34,ta,30x15,30,15,450,1.0,31.0,54.0,76.75,99.0,52.095555555555556,28.40515383107941,0.5452510013217479,-0.10082115732084779,-1.1380794634984166,99,discrete_uniform_1_99,"{""low"": 1, ""high"": 99, ""fixed_support"": true}",4135.607865121131,0.20717884505385434,uniform,4130.470730803514,0.20717884505385434,12.110000000000001
ta35,ta,30x15,30,15,450,1.0,25.0,49.0,75.0,99.0,49.85111111111111,29.03039741828892,0.5823420335322969,0.026292015089745498,-1.2074192516613278,98,discrete_uniform_1_99,"{""low"": 1, ""high"": 99, ""fixed_support"": true}",4135.607865121131,0.945915620562905,uniform,4130.470730803514,0.945915620562905,3.407777777777778
ta36,ta,30x15,30,15,450,1.0,25.25,50.0,76.0,99.0,51.02,28.92655702912153,0.5669650534912098,-0.042868376119734646,-1.2114672728354439,99,discrete_uniform_1_99,"{""low"": 1, ""high"": 99, ""fixed_support"": true}",4135.607865121131,0.7138445980440371,uniform,4130.470730803514,0.7138445980440371,6.258
ta37,ta,30x15,30,15,450,1.0,29.0,54.0,76.0,99.0,52.904444444444444,28.27012916348401,0.5343620835707064,-0.11684633214323623,-1.1037408624421476,98,discrete_uniform_1_99,"{""low"": 1, ""high"": 99, ""fixed_support"": true}",4135.607865121131,0.12747504903924892,uniform,4130.470730803514,0.12747504903924892,13.857777777777779
ta38,ta,30x15,30,15,450,1.0,26.0,51.0,74.0,99.0,49.60666666666667,27.88687695778782,0.562159863414618,-0.061812525786979974,-1.206164392443769,98,discrete_uniform_1_99,"{""low"": 1, ""high"": 99, ""fixed_support"": true}",4135.607865121131,0.2573942373493135,uniform,4130.470730803514,0.2573942373493135,11.274
ta39,ta,30x15,30,15,450,1.0,23.0,48.0,71.0,99.0,47.96222222222222,27.985533877510797,0.583491184954819,0.04332488291622294,-1.2080965992939503,98,discrete_uniform_1_99,"{""low"": 1, ""high"": 99, ""fixed_support"": true}",4135.607865121131,0.08700288620326792,uniform,4130.470730803514,0.08700288620326792,15.145999999999997
ta40,ta,30x15,30,15,450,1.0,24.0,51.0,74.0,99.0,49.577777777777776,29.120507540494312,0.5873701655411224,0.019862182113353662,-1.196216746064026,98,discrete_uniform_1_99,"{""low"": 1, ""high"": 99, ""fixed_support"": true}",4135.607865121131,0.2427503147889522,uniform,4130.470730803514,0.2427503147889522,11.503777777777778
ta41,ta,30x20,30,20,600,1.0,29.75,52.5,76.0,99.0,52.13166666666667,28.539712493370168,0.5474544421503916,-0.08892928091932976,-1.1574641007175364,99,discrete_uniform_1_99,"{""low"": 1, ""high"": 99, ""fixed_support"": true}",5514.143820161507,0.5617726171788106,uniform,5505.960974404685,0.5617726171788106,7.728
ta42,ta,30x20,30,20,600,1.0,25.0,51.0,75.0,99.0,50.985,28.602942544494837,0.5610070127389396,-0.029318007792754973,-1.230533937823202,98,discrete_uniform_1_99,"{""low"": 1, ""high"": 99, ""fixed_support"": true}",5514.143820161507,0.4397856939281576,uniform,5505.960974404685,0.4397856939281576,8.972833333333334
ta43,ta,30x20,30,20,600,1.0,24.0,50.5,75.0,99.0,49.29666666666667,29.013875942686198,0.5885565476236296,-0.0385740111771714,-1.2588835490091534,98,discrete_uniform_1_99,"{""low"": 1, ""high"": 99, ""fixed_support"": true}",5514.143820161507,0.27668124107495623,uniform,5505.960974404685,0.27668124107495623,10.985833333333332
ta44,ta,30x20,30,20,600,1.0,25.0,51.0,75.0,99.0,50.81,28.797732822095934,0.5667729348965939,0.01097108543034235,-1.2258247447301256,99,discrete_uniform_1_99,"{""low"": 1, ""high"": 99, ""fixed_support"": true}",5514.143820161507,0.48412847929819747,uniform,5505.960974404685,0.48412847929819747,8.505333333333333
ta45,ta,30x20,30,20,600,1.0,26.75,52.0,74.0,99.0,51.07666666666667,28.386977466878434,0.5557719271724552,-0.06111288693955235,-1.1380606982450558,99,discrete_uniform_1_99,"{""low"": 1, ""high"": 99, ""fixed_support"": true}",5514.143820161507,0.6493167638322855,uniform,5505.960974404685,0.6493167638322855,6.882833333333333
ta46,ta,30x20,30,20,600,1.0,29.0,53.0,74.25,99.0,51.37166666666667,27.273000534456717,0.5308957700637196,-0.09892511760809884,-1.0718756397783318,99,discrete_uniform_1_99,"{""low"": 1, ""high"": 99, ""fixed_support"": true}",5514.143820161507,0.1487440870059649,uniform,5505.960974404685,0.1487440870059649,13.317833333333333
ta47,ta,30x20,30,20,600,1.0,26.0,49.0,75.0,99.0,50.37166666666667,28.28120532875088,0.5614506566935952,0.014872207578584835,-1.237541519989661,99,discrete_uniform_1_99,"{""low"": 1, ""high"": 99, ""fixed_support"": true}",5514.143820161507,0.08926497371410785,uniform,5505.960974404685,0.08926497371410785,15.061333333333334
ta48,ta,30x20,30,20,600,1.0,26.0,51.0,74.0,99.0,49.95333333333333,27.959268410295607,0.5597077621172215,-0.09655450644986918,-1.201801817106289,97,discrete_uniform_1_99,"{""low"": 1, ""high"": 99, ""fixed_support"": true}",5514.143820161507,0.036447407075609034,uniform,5505.960974404685,0.036447407075609034,17.892
ta49,ta,30x20,30,20,600,1.0,25.0,50.0,73.0,99.0,49.586666666666666,28.0392490633329,0.5654594460204269,0.018763717958854256,-1.1345642653831145,99,discrete_uniform_1_99,"{""low"": 1, ""high"": 99, ""fixed_support"": true}",5514.143820161507,0.31401716029885973,uniform,5505.960974404685,0.31401716029885973,10.467
ta50,ta,30x20,30,20,600,1.0,26.0,51.0,76.0,99.0,51.095,28.59957811076105,0.5597334007390361,-0.009244329940703356,-1.2010664221607739,98,discrete_uniform_1_99,"{""low"": 1, ""high"": 99, ""fixed_support"": true}",5514.143820161507,0.3919058322667117,uniform,5505.960974404685,0.3919058322667117,9.506333333333334
ta51,ta,50x15,50,15,750,1.0,27.0,50.0,75.0,99.0,50.55733333333333,27.94064457108352,0.5526526564774682,-0.011177073320393447,-1.1424677827001937,99,discrete_uniform_1_99,"{""low"": 1, ""high"": 99, ""fixed_support"": true}",6892.679775201885,0.7499364360379459,uniform,6881.451218005856,0.7499364360379459,5.899466666666669
ta52,ta,50x15,50,15,750,1.0,24.0,49.0,75.0,99.0,49.525333333333336,29.32937619463082,0.592209566712608,0.03332884757204565,-1.2134795055641043,99,discrete_uniform_1_99,"{""low"": 1, ""high"": 99, ""fixed_support"": true}",6892.679775201885,0.13904001577933087,uniform,6881.451218005856,0.13904001577933087,13.555466666666662
ta53,ta,50x15,50,15,750,1.0,26.0,51.0,74.0,99.0,49.84133333333333,28.20017419547432,0.5657989525856917,-0.04202010218193377,-1.137665677516691,99,discrete_uniform_1_99,"{""low"": 1, ""high"": 99, ""fixed_support"": true}",6892.679775201885,0.7389704533250696,uniform,6881.451218005856,0.7389704533250696,6.009466666666668
ta54,ta,50x15,50,15,750,1.0,25.0,49.0,73.0,99.0,49.321333333333335,28.352010985550717,0.5748427519981356,0.04178097453873668,-1.1641709130428306,99,discrete_uniform_1_99,"{""low"": 1, ""high"": 99, ""fixed_support"": true}",6892.679775201885,0.9634806839289434,uniform,6881.451218005856,0.9634806839289434,3.0204
ta55,ta,50x15,50,15,750,1.0,25.0,49.0,74.75,99.0,49.15866666666667,28.34825667357336,0.5766685428186287,0.03964462458318163,-1.2159866233879493,99,discrete_uniform_1_99,"{""low"": 1, ""high"": 99, ""fixed_support"": true}",6892.679775201885,0.843255539877205,uniform,6881.451218005856,0.843255539877205,4.896266666666669
ta56,ta,50x15,50,15,750,1.0,26.0,50.0,75.75,99.0,50.59733333333333,28.716616298310427,0.5675519717437763,-0.044619694077168724,-1.168280630533281,99,discrete_uniform_1_99,"{""low"": 1, ""high"": 99, ""fixed_support"": true}",6892.679775201885,0.9519445598523985,uniform,6881.451218005856,0.9519445598523985,3.2843999999999998
ta57,ta,50x15,50,15,750,1.0,26.0,52.0,77.0,99.0,51.242666666666665,29.035677024583453,0.5666308744909865,-0.0625146724170829,-1.2344636052732738,99,discrete_uniform_1_99,"{""low"": 1, ""high"": 99, ""fixed_support"": true}",6892.679775201885,0.961808032426269,uniform,6881.451218005856,0.961808032426269,3.0614666666666652
ta58,ta,50x15,50,15,750,1.0,28.0,53.0,76.75,99.0,52.11333333333334,28.228548613616866,0.5416761279317551,-0.0820783829200773,-1.1928092978328515,99,discrete_uniform_1_99,"{""low"": 1, ""high"": 99, ""fixed_support"": true}",6892.679775201885,0.6101665911777703,uniform,6881.451218005856,0.6101665911777703,7.259066666666666
ta59,ta,50x15,50,15,750,1.0,25.0,49.0,73.0,99.0,49.152,28.11688059925645,0.572039400212737,0.010428111956495706,-1.1703234978408086,99,discrete_uniform_1_99,"{""low"": 1, ""high"": 99, ""fixed_support"": true}",6892.679775201885,0.5585834800979822,uniform,6881.451218005856,0.5585834800979822,7.759200000000005
ta60,ta,50x15,50,15,750,1.0,26.0,50.0,76.0,99.0,50.394666666666666,28.84462262817175,0.572374509766346,-0.011098103856649963,-1.2641308016950463,99,discrete_uniform_1_99,"{""low"": 1, ""high"": 99, ""fixed_support"": true}",6892.679775201885,0.579652949904178,uniform,6881.451218005856,0.579652949904178,7.553866666666666
ta61,ta,50x20,50,20,1000,1.0,27.0,52.0,75.0,99.0,50.964,28.077162090051605,0.5509214757485991,-0.07437952836825842,-1.1355012354894725,99,discrete_uniform_1_99,"{""low"": 1, ""high"": 99, ""fixed_support"": true}",9190.23970026918,0.6094879714016237,uniform,9173.934957341144,0.6094879714016237,7.2656
ta62,ta,50x20,50,20,1000,1.0,26.0,54.0,75.25,99.0,51.598,28.40784049169175,0.5505608839817774,-0.07133393787475839,-1.1655265352861328,99,discrete_uniform_1_99,"{""low"": 1, ""high"": 99, ""fixed_support"": true}",9190.23970026918,0.4347119702255228,uniform,9173.934957341144,0.4347119702255228,9.0278
ta63,ta,50x20,50,20,1000,1.0,23.75,49.0,73.0,99.0,49.121,28.599480577263797,0.5822251293186986,0.03803678468864779,-1.1973312385751254,99,discrete_uniform_1_99,"{""low"": 1, ""high"": 99, ""fixed_support"": true}",9190.23970026918,0.6784477202193233,uniform,9173.934957341144,0.6784477202193233,6.6023
ta64,ta,50x20,50,20,1000,1.0,23.0,49.0,72.0,99.0,48.462,28.565197820539012,0.5894349762811896,0.01710418049702382,-1.1746551733237225,99,discrete_uniform_1_99,"{""low"": 1, ""high"": 99, ""fixed_support"": true}",9190.23970026918,0.23130102334277008,uniform,9173.934957341144,0.23130102334277008,11.6909
ta65,ta,50x20,50,20,1000,1.0,22.75,49.0,75.0,99.0,49.199,29.124003959047364,0.5919633317556732,0.06412881092782124,-1.26563244538298,99,discrete_uniform_1_99,"{""low"": 1, ""high"": 99, ""fixed_support"": true}",9190.23970026918,0.07802842632515182,uniform,9173.934957341144,0.07802842632515182,15.5024
ta66,ta,50x20,50,20,1000,1.0,24.75,51.0,76.0,99.0,50.39,29.01654458855947,0.5758393448811167,-0.0038328718555803282,-1.2593540955122702,99,discrete_uniform_1_99,"{""low"": 1, ""high"": 99, ""fixed_support"": true}",9190.23970026918,0.43887266822282134,uniform,9173.934957341144,0.43887266822282134,8.9827
ta67,ta,50x20,50,20,1000,1.0,25.0,50.0,73.25,99.0,49.553,28.28344293299782,0.5707715563739394,0.0284099726356767,-1.1844091432549413,99,discrete_uniform_1_99,"{""low"": 1, ""high"": 99, ""fixed_support"": true}",9190.23970026918,0.8546332535708125,uniform,9173.934957341144,0.8546332535708125,4.7608999999999995
ta68,ta,50x20,50,20,1000,1.0,27.0,49.0,73.0,99.0,49.903,28.038004934743853,0.5618500878653359,0.027218895705721228,-1.1429573038486047,98,discrete_uniform_1_99,"{""low"": 1, ""high"": 99, ""fixed_support"": true}",9190.23970026918,0.2249616637890499,uniform,9173.934957341144,0.2249616637890499,11.7976
ta69,ta,50x20,50,20,1000,1.0,25.0,51.0,76.0,99.0,50.871,28.663809463729223,0.563460703814142,-0.012713732659063283,-1.2027583952542447,99,discrete_uniform_1_99,"{""low"": 1, ""high"": 99, ""fixed_support"": true}",9190.23970026918,0.40278511003293394,uniform,9173.934957341144,0.40278511003293394,9.382
ta70,ta,50x20,50,20,1000,1.0,27.0,52.0,76.0,99.0,50.878,28.634018632092545,0.5627976459784689,-0.07800453447658394,-1.186130492299853,99,discrete_uniform_1_99,"{""low"": 1, ""high"": 99, ""fixed_support"": true}",9190.23970026918,0.37355732049884494,uniform,9173.934957341144,0.37355732049884494,9.7208
ta71,ta,100x20,100,20,2000,1.0,26.0,51.0,75.0,99.0,50.4455,28.347871713152163,0.5619504557027318,-0.0461049671495815,-1.1683625612437125,99,discrete_uniform_1_99,"{""low"": 1, ""high"": 99, ""fixed_support"": true}",18380.47940053836,0.6416381037563277,uniform,18343.869914682287,0.6416381037563277,6.9566
ta72,ta,100x20,100,20,2000,1.0,24.0,48.0,73.0,99.0,48.6825,28.51693008373623,0.5857737397162478,0.06803156704350892,-1.195479094859018,99,discrete_uniform_1_99,"{""low"": 1, ""high"": 99, ""fixed_support"": true}",18380.47940053836,0.47118476216267235,uniform,18343.869914682287,0.47118476216267235,8.6396
ta73,ta,100x20,100,20,2000,1.0,26.0,50.0,75.25,99.0,50.311,28.427527876524636,0.5650360334027278,-0.0433262782197115,-1.188702293336789,99,discrete_uniform_1_99,"{""low"": 1, ""high"": 99, ""fixed_support"": true}",18380.47940053836,0.35727086663549446,uniform,18343.869914682287,0.35727086663549446,9.9167
ta74,ta,100x20,100,20,2000,1.0,25.0,50.0,75.0,99.0,50.0245,28.40688957696212,0.5678595403644637,0.02200969439793658,-1.2048773144585496,99,discrete_uniform_1_99,"{""low"": 1, ""high"": 99, ""fixed_support"": true}",18380.47940053836,0.868969306909583,uniform,18343.869914682287,0.868969306909583,4.5839
ta75,ta,100x20,100,20,2000,1.0,25.0,50.0,74.0,99.0,49.36,28.396400789341143,0.5752917501892452,0.02388722005758053,-1.1935787054242735,99,discrete_uniform_1_99,"{""low"": 1, ""high"": 99, ""fixed_support"": true}",18380.47940053836,0.151488461789529,uniform,18343.869914682287,0.151488461789529,13.252999999999997
ta76,ta,100x20,100,20,2000,1.0,26.0,50.0,74.0,99.0,50.1855,28.389136325021237,0.5656840387167855,-0.016927370323840767,-1.1572126972942745,99,discrete_uniform_1_99,"{""low"": 1, ""high"": 99, ""fixed_support"": true}",18380.47940053836,0.3965948012902594,uniform,18343.869914682287,0.3965948012902594,9.4525
ta77,ta,100x20,100,20,2000,1.0,26.0,52.0,76.0,99.0,50.858,28.749593137169374,0.5652914612680281,-0.04925818726825051,-1.2012107244813481,99,discrete_uniform_1_99,"{""low"": 1, ""high"": 99, ""fixed_support"": true}",18380.47940053836,0.6399774692998906,uniform,18343.869914682287,0.6399774692998906,6.97255
ta78,ta,100x20,100,20,2000,1.0,25.0,49.0,74.0,99.0,49.55,28.41186577925725,0.5733978966550404,-0.011489012637331876,-1.1898075343794272,99,discrete_uniform_1_99,"{""low"": 1, ""high"": 99, ""fixed_support"": true}",18380.47940053836,0.6037110630229237,uniform,18343.869914682287,0.6037110630229237,7.321249999999999
ta79,ta,100x20,100,20,2000,1.0,25.0,50.0,74.25,99.0,49.8665,28.77400996689178,0.5770208449939694,0.0028535748991482127,-1.20110231375478,99,discrete_uniform_1_99,"{""low"": 1, ""high"": 99, ""fixed_support"": true}",18380.47940053836,0.8523417166276275,uniform,18343.869914682287,0.8523417166276275,4.788500000000001
ta80,ta,100x20,100,20,2000,1.0,24.0,47.0,73.0,99.0,48.3485,28.433453507957744,0.5880938086591672,0.08568915176782532,-1.1941629589702316,99,discrete_uniform_1_99,"{""low"": 1, ""high"": 99, ""fixed_support"": true}",18380.47940053836,0.15895746037687827,uniform,18343.869914682287,0.15895746037687827,13.081399999999999
yn1,yn,20x20,20,20,400,10.0,20.0,30.0,39.0,49.0,29.4,11.343574909583102,0.38583588127833685,-0.02711695636967203,-1.1405972047890895,40,discrete_uniform_minmax,"{""low"": 10, ""high"": 49}",2955.103563291149,0.9558347256002608,uniform,2934.8493169037165,3.1587664659399283e-111,543.2225
yn2,yn,20x20,20,20,400,10.0,20.0,30.0,39.0,49.0,29.41,11.380936441511054,0.3869750575148267,-0.03584016454557036,-1.1612367072275191,40,discrete_uniform_minmax,"{""low"": 10, ""high"": 49}",2955.103563291149,0.9512046906840971,uniform,2934.8493169037165,1.623350590013568e-110,539.906
yn3,yn,20x20,20,20,400,10.0,20.0,29.0,37.0,49.0,29.0575,10.915450581790418,0.375650024323855,0.008936915093481258,-1.0539227830672022,40,discrete_uniform_minmax,"{""low"": 10, ""high"": 49}",2955.103563291149,0.396813356060816,uniform,2934.8493169037165,5.5806732236149994e-117,570.0515
yn4,yn,20x20,20,20,400,10.0,20.0,30.0,40.0,49.0,30.205,11.715207647564933,0.3878565683683143,-0.0445248265936913,-1.2260579536045852,40,discrete_uniform_minmax,"{""low"": 10, ""high"": 49}",2955.103563291149,0.8831713784241684,uniform,2934.8493169037165,1.6233505900134752e-110,539.9060000000001
