num_conjunctive_edges,num_disjunctive_edges,num_nodes_inferred,num_nodes_total,num_edges_total,betweenness_mean,betweenness_range,perm,perm_idx,signature,paths,flatBoolVars,flatIntVars,flatBoolConstraints,flatIntConstraints,evaluatedHalfReifiedConstraints,method,flatTime,objective,objectiveBound,boolVariables,failures,propagations,solveTime,time,nSolutions,status,timeout_ms,exact_class_id
12,18,11,11,30,0.1185185185185185,0.0888888888888888,"(0, 0, 0)",0,3,0,18,20,9,38,18,minimize,69.91600000000001,,14,13,0,123,20.207,641.0,1,OPTIMAL_SOLUTION,1641.0,0
12,18,11,11,30,0.1069958847736625,0.0828042328042328,"(0, 0, 1)",1,2+1,0,18,20,9,38,18,minimize,66.947,,14,9,1,89,18.679,102.0,2,OPTIMAL_SOLUTION,1641.0,1
12,18,11,11,30,0.1069958847736625,0.0828042328042328,"(0, 0, 2)",2,2+1,0,18,20,9,38,18,minimize,67.473,,14,15,2,269,25.138,216.0,2,OPTIMAL_SOLUTION,1641.0,1
12,18,11,11,30,0.0928395061728395,0.0755555555555555,"(0, 0, 3)",3,2+1,0,18,20,9,38,18,minimize,69.051,,13,9,0,74,9.545,97.0,1,OPTIMAL_SOLUTION,1641.0,2
12,18,11,11,30,0.0928395061728395,0.0755555555555555,"(0, 0, 4)",4,2+1,0,18,20,9,38,18,minimize,70.471,,13,14,0,95,8.644,96.0,1,OPTIMAL_SOLUTION,1641.0,2
12,18,11,11,30,0.0795061728395061,0.0433333333333333,"(0, 0, 5)",5,2+1,0,18,20,9,38,18,minimize,70.45400000000001,,14,14,1,145,22.503,106.0,1,OPTIMAL_SOLUTION,1641.0,3
12,18,11,11,30,0.1069958847736625,0.0828042328042328,"(0, 1, 0)",6,2+1,0,18,20,9,38,18,minimize,70.89099999999999,,14,15,1,263,23.11,101.0,2,OPTIMAL_SOLUTION,1641.0,1
12,18,11,11,30,0.1069958847736625,0.0828042328042328,"(0, 1, 1)",7,2+1,0,18,20,9,38,18,minimize,69.375,,14,14,3,283,13.944,97.0,2,OPTIMAL_SOLUTION,1641.0,1
12,18,11,11,30,0.0921810699588477,0.0462962962962962,"(0, 1, 2)",8,1+1+1,0,18,20,9,38,18,minimize,69.773,,14,17,2,288,8.246,102.0,3,OPTIMAL_SOLUTION,1641.0,4
12,18,11,11,30,0.0806584362139917,0.0481481481481481,"(0, 1, 3)",9,1+1+1,0,18,20,9,38,18,minimize,68.221,,14,17,3,378,33.171,101.0,3,OPTIMAL_SOLUTION,1641.0,5
12,18,11,11,30,0.0921810699588477,0.0462962962962963,"(0, 1, 4)",10,1+1+1,0,18,20,9,38,18,minimize,69.77600000000001,,13,9,0,70,19.476,103.0,2,OPTIMAL_SOLUTION,1641.0,4
12,18,11,11,30,0.0806584362139917,0.0481481481481481,"(0, 1, 5)",11,1+1+1,0,18,20,9,38,18,minimize,67.469,,13,15,0,163,14.103,103.0,2,OPTIMAL_SOLUTION,1641.0,5
12,18,11,11,30,0.1069958847736625,0.0828042328042328,"(0, 2, 0)",12,2+1,0,18,20,9,38,18,minimize,68.292,,14,20,0,272,11.082,100.0,2,OPTIMAL_SOLUTION,1641.0,1
12,18,11,11,30,0.0921810699588477,0.0462962962962962,"(0, 2, 1)",13,1+1+1,0,18,20,9,38,18,minimize,67.789,,14,14,1,136,7.469,98.0,1,OPTIMAL_SOLUTION,1641.0,4
12,18,11,11,30,0.1069958847736625,0.0828042328042328,"(0, 2, 2)",14,2+1,0,18,20,9,38,18,minimize,66.274,,14,15,2,262,17.535999999999998,97.0,2,OPTIMAL_SOLUTION,1641.0,1
12,18,11,11,30,0.0921810699588477,0.0462962962962963,"(0, 2, 3)",15,1+1+1,0,18,20,9,38,18,minimize,65.49000000000001,,13,12,0,169,21.854,98.0,3,OPTIMAL_SOLUTION,1641.0,4
12,18,11,11,30,0.0806584362139917,0.0481481481481481,"(0, 2, 4)",16,1+1+1,0,18,20,9,38,18,minimize,69.042,,14,10,0,119,30.068,102.0,3,OPTIMAL_SOLUTION,1641.0,5
12,18,11,11,30,0.0806584362139917,0.0481481481481481,"(0, 2, 5)",17,1+1+1,0,18,20,9,38,18,minimize,66.408,,13,10,0,100,11.861,105.0,2,OPTIMAL_SOLUTION,1641.0,5
12,18,11,11,30,0.0928395061728395,0.0755555555555555,"(0, 3, 0)",18,2+1,0,18,20,9,38,18,minimize,68.757,,13,20,0,274,8.477,98.0,2,OPTIMAL_SOLUTION,1641.0,2
12,18,11,11,30,0.0806584362139917,0.0481481481481481,"(0, 3, 1)",19,1+1+1,0,18,20,9,38,18,minimize,66.681,,14,15,1,135,23.001,211.0,1,OPTIMAL_SOLUTION,1641.0,5
12,18,11,11,30,0.0921810699588477,0.0462962962962962,"(0, 3, 2)",20,1+1+1,0,18,20,9,38,18,minimize,67.163,,13,17,0,113,19.688,219.0,3,OPTIMAL_SOLUTION,1641.0,4
12,18,11,11,30,0.0928395061728395,0.0755555555555555,"(0, 3, 3)",21,2+1,0,18,20,9,38,18,minimize,68.199,,13,15,0,94,20.522,101.0,1,OPTIMAL_SOLUTION,1641.0,2
12,18,11,11,30,0.0790123456790123,0.0185185185185185,"(0, 3, 4)",22,1+1+1,0,18,20,9,38,18,minimize,67.393,,12,16,0,107,22.254,96.0,2,OPTIMAL_SOLUTION,1641.0,6
12,18,11,11,30,0.0806584362139917,0.0481481481481481,"(0, 3, 5)",23,1+1+1,0,18,20,9,38,18,minimize,65.66199999999999,,13,16,0,170,10.071,98.0,2,OPTIMAL_SOLUTION,1641.0,5
12,18,11,11,30,0.0928395061728395,0.0755555555555555,"(0, 4, 0)",24,2+1,0,18,20,9,38,18,minimize,69.544,,13,15,0,197,21.717,215.0,2,OPTIMAL_SOLUTION,1641.0,2
12,18,11,11,30,0.0921810699588477,0.0462962962962962,"(0, 4, 1)",25,1+1+1,0,18,20,9,38,18,minimize,68.638,,13,16,1,246,13.05,100.0,3,OPTIMAL_SOLUTION,1641.0,4
12,18,11,11,30,0.0806584362139917,0.0481481481481481,"(0, 4, 2)",26,1+1+1,0,18,20,9,38,18,minimize,67.055,,14,15,1,138,9.434,92.0,1,OPTIMAL_SOLUTION,1641.0,5
12,18,11,11,30,0.0790123456790123,0.0185185185185185,"(0, 4, 3)",27,1+1+1,0,18,20,9,38,18,minimize,66.91900000000001,,12,9,0,76,10.406,99.0,1,OPTIMAL_SOLUTION,1641.0,6
12,18,11,11,30,0.0928395061728395,0.0755555555555555,"(0, 4, 4)",28,2+1,0,18,20,9,38,18,minimize,65.943,,13,14,0,95,17.874000000000002,95.0,1,OPTIMAL_SOLUTION,1641.0,2
12,18,11,11,30,0.0806584362139917,0.0481481481481481,"(0, 4, 5)",29,1+1+1,0,18,20,9,38,18,minimize,66.69600000000001,,13,11,0,99,22.417,98.0,2,OPTIMAL_SOLUTION,1641.0,5
12,18,11,11,30,0.0795061728395061,0.0433333333333333,"(0, 5, 0)",30,2+1,0,18,20,9,38,18,minimize,67.49,,14,18,1,343,10.045,109.0,3,OPTIMAL_SOLUTION,1641.0,3
12,18,11,11,30,0.0806584362139917,0.0481481481481481,"(0, 5, 1)",31,1+1+1,0,18,20,9,38,18,minimize,67.261,,13,16,1,248,15.677,100.0,3,OPTIMAL_SOLUTION,1641.0,5
12,18,11,11,30,0.0806584362139917,0.0481481481481481,"(0, 5, 2)",32,1+1+1,0,18,20,9,38,18,minimize,66.039,,13,21,0,324,21.556,99.0,3,OPTIMAL_SOLUTION,1641.0,5
12,18,11,11,30,0.0806584362139917,0.0481481481481481,"(0, 5, 3)",33,1+1+1,0,18,20,9,38,18,minimize,66.878,,13,10,0,102,13.916,100.0,2,OPTIMAL_SOLUTION,1641.0,5
12,18,11,11,30,0.0806584362139917,0.0481481481481481,"(0, 5, 4)",34,1+1+1,0,18,20,9,38,18,minimize,67.29499999999999,,13,14,0,108,7.872000000000001,105.0,2,OPTIMAL_SOLUTION,1641.0,5
12,18,11,11,30,0.0795061728395061,0.0433333333333333,"(0, 5, 5)",35,2+1,0,18,20,9,38,18,minimize,65.72600000000001,,14,14,1,140,21.582,93.0,1,OPTIMAL_SOLUTION,1641.0,3
12,18,11,11,30,0.1069958847736625,0.0828042328042328,"(1, 0, 0)",36,2+1,0,18,20,9,38,18,minimize,67.525,,14,10,0,97,16.032,99.0,2,OPTIMAL_SOLUTION,1641.0,1
12,18,11,11,30,0.1069958847736625,0.0828042328042328,"(1, 0, 1)",37,2+1,0,18,20,9,38,18,minimize,68.765,,14,13,0,219,23.823,103.0,3,OPTIMAL_SOLUTION,1641.0,1
12,18,11,11,30,0.0921810699588477,0.0462962962962963,"(1, 0, 2)",38,1+1+1,0,18,20,9,38,18,minimize,66.573,,14,15,3,345,12.93,98.0,3,OPTIMAL_SOLUTION,1641.0,4
12,18,11,11,30,0.0806584362139917,0.0481481481481481,"(1, 0, 3)",39,1+1+1,0,18,20,9,38,18,minimize,66.86,,14,13,1,139,11.53,103.0,1,OPTIMAL_SOLUTION,1641.0,5
12,18,11,11,30,0.0921810699588477,0.0462962962962962,"(1, 0, 4)",40,1+1+1,0,18,20,9,38,18,minimize,66.416,,13,14,0,161,21.308,97.0,2,OPTIMAL_SOLUTION,1641.0,4
12,18,11,11,30,0.0806584362139917,0.0481481481481481,"(1, 0, 5)",41,1+1+1,0,18,20,9,38,18,minimize,66.626,,13,16,1,229,17.805,101.0,2,OPTIMAL_SOLUTION,1641.0,5
12,18,11,11,30,0.1069958847736625,0.0828042328042328,"(1, 1, 0)",42,2+1,0,18,20,9,38,18,minimize,66.437,,14,13,2,268,21.979,210.0,2,OPTIMAL_SOLUTION,1641.0,1
12,18,11,11,30,0.1185185185185185,0.0888888888888888,"(1, 1, 1)",43,3,0,18,20,9,38,18,minimize,65.92699999999999,,14,12,0,121,8.709,207.0,1,OPTIMAL_SOLUTION,1641.0,0
12,18,11,11,30,0.0928395061728395,0.0755555555555555,"(1, 1, 2)",44,2+1,0,18,20,9,38,18,minimize,70.218,,13,15,0,334,11.897,102.0,4,OPTIMAL_SOLUTION,1641.0,2
12,18,11,11,30,0.0795061728395061,0.0433333333333333,"(1, 1, 3)",45,2+1,0,18,20,9,38,18,minimize,71.764,,14,10,0,103,12.092,100.0,2,OPTIMAL_SOLUTION,1641.0,3
12,18,11,11,30,0.1069958847736625,0.0828042328042328,"(1, 1, 4)",46,2+1,0,18,20,9,38,18,minimize,71.739,,14,13,1,136,19.886,107.0,1,OPTIMAL_SOLUTION,1641.0,1
12,18,11,11,30,0.0928395061728395,0.0755555555555555,"(1, 1, 5)",47,2+1,0,18,20,9,38,18,minimize,67.194,,13,13,0,93,15.932000000000002,99.0,1,OPTIMAL_SOLUTION,1641.0,2
12,18,11,11,30,0.0921810699588477,0.0462962962962962,"(1, 2, 0)",48,1+1+1,0,18,20,9,38,18,minimize,66.97699999999999,,14,17,0,283,18.663,99.0,3,OPTIMAL_SOLUTION,1641.0,4
12,18,11,11,30,0.0928395061728395,0.0755555555555555,"(1, 2, 1)",49,2+1,0,18,20,9,38,18,minimize,66.541,,13,18,0,282,16.91,101.0,3,OPTIMAL_SOLUTION,1641.0,2
12,18,11,11,30,0.0928395061728395,0.0755555555555555,"(1, 2, 2)",50,2+1,0,18,20,9,38,18,minimize,66.745,,13,10,0,102,21.149,98.0,3,OPTIMAL_SOLUTION,1641.0,2
12,18,11,11,30,0.0806584362139917,0.0481481481481481,"(1, 2, 3)",51,1+1+1,0,18,20,9,38,18,minimize,66.887,,13,19,0,348,13.671,98.0,3,OPTIMAL_SOLUTION,1641.0,5
12,18,11,11,30,0.0806584362139917,0.0481481481481481,"(1, 2, 4)",52,1+1+1,0,18,20,9,38,18,minimize,66.452,,13,17,0,313,17.637,105.0,4,OPTIMAL_SOLUTION,1641.0,5
12,18,11,11,30,0.0790123456790123,0.0185185185185185,"(1, 2, 5)",53,1+1+1,0,18,20,9,38,18,minimize,67.86,,12,16,0,135,7.432,104.0,2,OPTIMAL_SOLUTION,1641.0,6
12,18,11,11,30,0.0806584362139917,0.0481481481481481,"(1, 3, 0)",54,1+1+1,0,18,20,9,38,18,minimize,66.33999999999999,,14,13,1,147,18.411,101.0,2,OPTIMAL_SOLUTION,1641.0,5
12,18,11,11,30,0.0795061728395061,0.0433333333333333,"(1, 3, 1)",55,2+1,0,18,20,9,38,18,minimize,66.758,,14,12,0,127,17.57,99.0,2,OPTIMAL_SOLUTION,1641.0,3
12,18,11,11,30,0.0806584362139917,0.0481481481481481,"(1, 3, 2)",56,1+1+1,0,18,20,9,38,18,minimize,69.884,,13,22,0,343,9.665,110.0,4,OPTIMAL_SOLUTION,1641.0,5
12,18,11,11,30,0.0795061728395061,0.0433333333333333,"(1, 3, 3)",57,2+1,0,18,20,9,38,18,minimize,71.29199999999999,,14,14,1,247,23.711,103.0,2,OPTIMAL_SOLUTION,1641.0,3
12,18,11,11,30,0.0806584362139917,0.0481481481481481,"(1, 3, 4)",58,1+1+1,0,18,20,9,38,18,minimize,68.241,,13,17,0,178,22.488,102.0,3,OPTIMAL_SOLUTION,1641.0,5
12,18,11,11,30,0.0806584362139917,0.0481481481481481,"(1, 3, 5)",59,1+1+1,0,18,20,9,38,18,minimize,76.444,,14,20,3,309,9.597,113.0,2,OPTIMAL_SOLUTION,1641.0,5
12,18,11,11,30,0.0921810699588477,0.0462962962962962,"(1, 4, 0)",60,1+1+1,0,18,20,9,38,18,minimize,69.032,,13,18,0,210,23.722,103.0,3,OPTIMAL_SOLUTION,1641.0,4
12,18,11,11,30,0.1069958847736625,0.0828042328042328,"(1, 4, 1)",61,2+1,0,18,20,9,38,18,minimize,69.673,,14,17,1,338,20.811,104.0,3,OPTIMAL_SOLUTION,1641.0,1
12,18,11,11,30,0.0806584362139917,0.0481481481481481,"(1, 4, 2)",62,1+1+1,0,18,20,9,38,18,minimize,72.17899999999999,,13,16,1,258,34.136,106.0,3,OPTIMAL_SOLUTION,1641.0,5
12,18,11,11,30,0.0806584362139917,0.0481481481481481,"(1, 4, 3)",63,1+1+1,0,18,20,9,38,18,minimize,70.797,,13,10,0,97,18.239,100.0,2,OPTIMAL_SOLUTION,1641.0,5
12,18,11,11,30,0.1069958847736625,0.0828042328042328,"(1, 4, 4)",64,2+1,0,18,20,9,38,18,minimize,71.999,,14,9,1,97,15.495,102.0,1,OPTIMAL_SOLUTION,1641.0,1
12,18,11,11,30,0.0921810699588477,0.0462962962962963,"(1, 4, 5)",65,1+1+1,0,18,20,9,38,18,minimize,71.521,,13,17,1,225,16.341,210.0,2,OPTIMAL_SOLUTION,1641.0,4
12,18,11,11,30,0.0806584362139917,0.0481481481481481,"(1, 5, 0)",66,1+1+1,0,18,20,9,38,18,minimize,77.159,,13,15,1,240,16.86,113.0,3,OPTIMAL_SOLUTION,1641.0,5
12,18,11,11,30,0.0928395061728395,0.0755555555555555,"(1, 5, 1)",67,2+1,0,18,20,9,38,18,minimize,69.051,,13,10,0,101,16.298,101.0,2,OPTIMAL_SOLUTION,1641.0,2
12,18,11,11,30,0.0790123456790123,0.0185185185185185,"(1, 5, 2)",68,1+1+1,0,18,20,9,38,18,minimize,66.121,,12,13,0,127,23.598000000000003,96.0,3,OPTIMAL_SOLUTION,1641.0,6
12,18,11,11,30,0.0806584362139917,0.0481481481481481,"(1, 5, 3)",69,1+1+1,0,18,20,9,38,18,minimize,69.83,,14,14,1,138,12.717,97.0,1,OPTIMAL_SOLUTION,1641.0,5
12,18,11,11,30,0.0921810699588477,0.0462962962962962,"(1, 5, 4)",70,1+1+1,0,18,20,9,38,18,minimize,67.563,,13,15,0,156,20.538,99.0,2,OPTIMAL_SOLUTION,1641.0,4
12,18,11,11,30,0.0928395061728395,0.0755555555555555,"(1, 5, 5)",71,2+1,0,18,20,9,38,18,minimize,67.74900000000001,,13,13,0,93,17.405,98.0,1,OPTIMAL_SOLUTION,1641.0,2
12,18,11,11,30,0.1069958847736625,0.0828042328042328,"(2, 0, 0)",72,2+1,0,18,20,9,38,18,minimize,65.777,,14,14,1,288,14.395,98.0,2,OPTIMAL_SOLUTION,1641.0,1
12,18,11,11,30,0.0921810699588477,0.0462962962962963,"(2, 0, 1)",73,1+1+1,0,18,20,9,38,18,minimize,73.006,,14,13,2,322,7.854,110.0,2,OPTIMAL_SOLUTION,1641.0,4
12,18,11,11,30,0.1069958847736625,0.0828042328042328,"(2, 0, 2)",74,2+1,0,18,20,9,38,18,minimize,68.76899999999999,,14,18,0,273,16.052,114.0,3,OPTIMAL_SOLUTION,1641.0,1
12,18,11,11,30,0.0921810699588477,0.0462962962962962,"(2, 0, 3)",75,1+1+1,0,18,20,9,38,18,minimize,71.07,,13,10,0,106,21.916,207.0,2,OPTIMAL_SOLUTION,1641.0,4
12,18,11,11,30,0.0806584362139917,0.0481481481481481,"(2, 0, 4)",76,1+1+1,0,18,20,9,38,18,minimize,76.839,,14,13,1,141,9.269,108.0,1,OPTIMAL_SOLUTION,1641.0,5
12,18,11,11,30,0.0806584362139917,0.0481481481481481,"(2, 0, 5)",77,1+1+1,0,18,20,9,38,18,minimize,101.646,,13,13,1,176,15.107,134.0,2,OPTIMAL_SOLUTION,1641.0,5
12,18,11,11,30,0.0921810699588477,0.0462962962962962,"(2, 1, 0)",78,1+1+1,0,18,20,9,38,18,minimize,77.519,,14,14,1,137,20.841,111.0,1,OPTIMAL_SOLUTION,1641.0,4
12,18,11,11,30,0.0928395061728395,0.0755555555555555,"(2, 1, 1)",79,2+1,0,18,20,9,38,18,minimize,70.802,,13,14,0,96,21.555,103.0,1,OPTIMAL_SOLUTION,1641.0,2
12,18,11,11,30,0.0928395061728395,0.0755555555555555,"(2, 1, 2)",80,2+1,0,18,20,9,38,18,minimize,81.622,,13,9,0,74,12.433,115.0,2,OPTIMAL_SOLUTION,1641.0,2
12,18,11,11,30,0.0806584362139917,0.0481481481481481,"(2, 1, 3)",81,1+1+1,0,18,20,9,38,18,minimize,80.36500000000001,,13,11,0,104,23.419,114.0,2,OPTIMAL_SOLUTION,1641.0,5
12,18,11,11,30,0.0806584362139917,0.0481481481481481,"(2, 1, 4)",82,1+1+1,0,18,20,9,38,18,minimize,78.671,,13,15,0,161,8.418,112.0,2,OPTIMAL_SOLUTION,1641.0,5
12,18,11,11,30,0.0790123456790123,0.0185185185185185,"(2, 1, 5)",83,1+1+1,0,18,20,9,38,18,minimize,93.186,,12,14,0,86,18.609,127.0,1,OPTIMAL_SOLUTION,1641.0,6
12,18,11,11,30,0.1069958847736625,0.0828042328042328,"(2, 2, 0)",84,2+1,0,18,20,9,38,18,minimize,78.19500000000001,,14,14,2,266,17.999000000000002,111.0,2,OPTIMAL_SOLUTION,1641.0,1
12,18,11,11,30,0.0928395061728395,0.0755555555555555,"(2, 2, 1)",85,2+1,0,18,20,9,38,18,minimize,72.941,,13,13,0,95,12.081,108.0,1,OPTIMAL_SOLUTION,1641.0,2
12,18,11,11,30,0.1185185185185185,0.0888888888888888,"(2, 2, 2)",86,3,0,18,20,9,38,18,minimize,75.35300000000001,,14,12,0,124,7.406000000000001,102.0,1,OPTIMAL_SOLUTION,1641.0,0
12,18,11,11,30,0.1069958847736625,0.0828042328042328,"(2, 2, 3)",87,2+1,0,18,20,9,38,18,minimize,69.801,,14,14,1,147,19.417,99.0,1,OPTIMAL_SOLUTION,1641.0,1
12,18,11,11,30,0.0795061728395061,0.0433333333333333,"(2, 2, 4)",88,2+1,0,18,20,9,38,18,minimize,78.60499999999999,,14,10,1,140,10.809,222.0,2,OPTIMAL_SOLUTION,1641.0,3
12,18,11,11,30,0.0928395061728395,0.0755555555555555,"(2, 2, 5)",89,2+1,0,18,20,9,38,18,minimize,71.952,,13,14,0,93,11.548,209.0,1,OPTIMAL_SOLUTION,1641.0,2
12,18,11,11,30,0.0921810699588477,0.0462962962962962,"(2, 3, 0)",90,1+1+1,0,18,20,9,38,18,minimize,82.553,,13,19,0,293,22.305,120.0,3,OPTIMAL_SOLUTION,1641.0,4
12,18,11,11,30,0.0806584362139917,0.0481481481481481,"(2, 3, 1)",91,1+1+1,0,18,20,9,38,18,minimize,98.992,,13,19,1,239,19.676,133.0,3,OPTIMAL_SOLUTION,1641.0,5
12,18,11,11,30,0.1069958847736625,0.0828042328042328,"(2, 3, 2)",92,2+1,0,18,20,9,38,18,minimize,69.116,,14,20,1,362,11.083,100.0,3,OPTIMAL_SOLUTION,1641.0,1
12,18,11,11,30,0.1069958847736625,0.0828042328042328,"(2, 3, 3)",93,2+1,0,18,20,9,38,18,minimize,70.971,,14,14,1,147,23.613,100.0,1,OPTIMAL_SOLUTION,1641.0,1
12,18,11,11,30,0.0806584362139917,0.0481481481481481,"(2, 3, 4)",94,1+1+1,0,18,20,9,38,18,minimize,74.386,,13,20,0,323,8.448,213.0,4,OPTIMAL_SOLUTION,1641.0,5
12,18,11,11,30,0.0921810699588477,0.0462962962962963,"(2, 3, 5)",95,1+1+1,0,18,20,9,38,18,minimize,71.42800000000001,,13,16,2,273,23.194,106.0,3,OPTIMAL_SOLUTION,1641.0,4
12,18,11,11,30,0.0806584362139917,0.0481481481481481,"(2, 4, 0)",96,1+1+1,0,18,20,9,38,18,minimize,76.705,,14,13,1,150,9.71,213.0,2,OPTIMAL_SOLUTION,1641.0,5
12,18,11,11,30,0.0806584362139917,0.0481481481481481,"(2, 4, 1)",97,1+1+1,0,18,20,9,38,18,minimize,72.566,,13,20,0,320,10.844,107.0,4,OPTIMAL_SOLUTION,1641.0,5
12,18,11,11,30,0.0795061728395061,0.0433333333333333,"(2, 4, 2)",98,2+1,0,18,20,9,38,18,minimize,71.025,,14,13,1,149,23.786,102.0,3,OPTIMAL_SOLUTION,1641.0,3
12,18,11,11,30,0.0806584362139917,0.0481481481481481,"(2, 4, 3)",99,1+1+1,0,18,20,9,38,18,minimize,74.049,,13,15,0,165,11.314,105.0,2,OPTIMAL_SOLUTION,1641.0,5
12,18,11,11,30,0.0795061728395061,0.0433333333333333,"(2, 4, 4)",100,2+1,0,18,20,9,38,18,minimize,67.103,,14,10,1,124,15.261,211.0,2,OPTIMAL_SOLUTION,1641.0,3
12,18,11,11,30,0.0806584362139917,0.0481481481481481,"(2, 4, 5)",101,1+1+1,0,18,20,9,38,18,minimize,75.02399999999999,,14,17,5,321,7.611,112.0,3,OPTIMAL_SOLUTION,1641.0,5
12,18,11,11,30,0.0806584362139917,0.0481481481481481,"(2, 5, 0)",102,1+1+1,0,18,20,9,38,18,minimize,66.151,,13,11,0,160,35.554,106.0,3,OPTIMAL_SOLUTION,1641.0,5
12,18,11,11,30,0.0790123456790123,0.0185185185185185,"(2, 5, 1)",103,1+1+1,0,18,20,9,38,18,minimize,71.67800000000001,,12,17,0,133,15.816,105.0,2,OPTIMAL_SOLUTION,1641.0,6
12,18,11,11,30,0.0928395061728395,0.0755555555555555,"(2, 5, 2)",104,2+1,0,18,20,9,38,18,minimize,70.15100000000001,,13,17,0,260,9.55,101.0,3,OPTIMAL_SOLUTION,1641.0,2
12,18,11,11,30,0.0921810699588477,0.0462962962962962,"(2, 5, 3)",105,1+1+1,0,18,20,9,38,18,minimize,67.41,,13,10,0,103,8.384,98.0,2,OPTIMAL_SOLUTION,1641.0,4
12,18,11,11,30,0.0806584362139917,0.0481481481481481,"(2, 5, 4)",106,1+1+1,0,18,20,9,38,18,minimize,68.005,,14,14,1,135,13.152,98.0,1,OPTIMAL_SOLUTION,1641.0,5
12,18,11,11,30,0.0928395061728395,0.0755555555555555,"(2, 5, 5)",107,2+1,0,18,20,9,38,18,minimize,69.695,,13,13,0,92,13.003,95.0,1,OPTIMAL_SOLUTION,1641.0,2
12,18,11,11,30,0.0928395061728395,0.0755555555555555,"(3, 0, 0)",108,2+1,0,18,20,9,38,18,minimize,67.96199999999999,,13,17,0,268,21.963,103.0,3,OPTIMAL_SOLUTION,1641.0,2
12,18,11,11,30,0.0806584362139917,0.0481481481481481,"(3, 0, 1)",109,1+1+1,0,18,20,9,38,18,minimize,69.648,,14,14,1,148,18.126,102.0,2,OPTIMAL_SOLUTION,1641.0,5
12,18,11,11,30,0.0921810699588477,0.0462962962962962,"(3, 0, 2)",110,1+1+1,0,18,20,9,38,18,minimize,68.064,,13,21,0,329,10.362,208.0,4,OPTIMAL_SOLUTION,1641.0,4
12,18,11,11,30,0.0928395061728395,0.0755555555555555,"(3, 0, 3)",111,2+1,0,18,20,9,38,18,minimize,71.03800000000001,,13,18,0,276,16.002,106.0,2,OPTIMAL_SOLUTION,1641.0,2
12,18,11,11,30,0.0790123456790123,0.0185185185185185,"(3, 0, 4)",112,1+1+1,0,18,20,9,38,18,minimize,75.626,,12,21,0,244,19.342,110.0,3,OPTIMAL_SOLUTION,1641.0,6
12,18,11,11,30,0.0806584362139917,0.0481481481481481,"(3, 0, 5)",113,1+1+1,0,18,20,9,38,18,minimize,68.70700000000001,,13,20,0,335,16.472,105.0,3,OPTIMAL_SOLUTION,1641.0,5
12,18,11,11,30,0.0806584362139917,0.0481481481481481,"(3, 1, 0)",114,1+1+1,0,18,20,9,38,18,minimize,67.914,,14,14,2,157,10.112,100.0,2,OPTIMAL_SOLUTION,1641.0,5
12,18,11,11,30,0.0795061728395061,0.0433333333333333,"(3, 1, 1)",115,2+1,0,18,20,9,38,18,minimize,69.771,,14,9,0,0,12.103,102.0,2,OPTIMAL_SOLUTION,1641.0,3
12,18,11,11,30,0.0806584362139917,0.0481481481481481,"(3, 1, 2)",116,1+1+1,0,18,20,9,38,18,minimize,70.83399999999999,,13,15,0,326,21.238,104.0,4,OPTIMAL_SOLUTION,1641.0,5
12,18,11,11,30,0.0795061728395061,0.0433333333333333,"(3, 1, 3)",117,2+1,0,18,20,9,38,18,minimize,71.086,,14,17,1,300,20.767,105.0,3,OPTIMAL_SOLUTION,1641.0,3
12,18,11,11,30,0.0806584362139917,0.0481481481481481,"(3, 1, 4)",118,1+1+1,0,18,20,9,38,18,minimize,70.53,,13,18,1,270,10.995,107.0,3,OPTIMAL_SOLUTION,1641.0,5
12,18,11,11,30,0.0806584362139917,0.0481481481481481,"(3, 1, 5)",119,1+1+1,0,18,20,9,38,18,minimize,71.59400000000001,,14,13,1,140,16.771,112.0,1,OPTIMAL_SOLUTION,1641.0,5
12,18,11,11,30,0.0921810699588477,0.0462962962962963,"(3, 2, 0)",120,1+1+1,0,18,20,9,38,18,minimize,70.138,,13,13,0,156,23.036,105.0,4,OPTIMAL_SOLUTION,1641.0,4
12,18,11,11,30,0.0806584362139917,0.0481481481481481,"(3, 2, 1)",121,1+1+1,0,18,20,9,38,18,minimize,70.173,,13,16,1,259,22.883,111.0,3,OPTIMAL_SOLUTION,1641.0,5
12,18,11,11,30,0.1069958847736625,0.0828042328042328,"(3, 2, 2)",122,2+1,0,18,20,9,38,18,minimize,68.788,,14,14,3,158,12.405,97.0,2,OPTIMAL_SOLUTION,1641.0,1
12,18,11,11,30,0.1069958847736625,0.0828042328042328,"(3, 2, 3)",123,2+1,0,18,20,9,38,18,minimize,71.382,,14,19,1,384,22.873,106.0,2,OPTIMAL_SOLUTION,1641.0,1
12,18,11,11,30,0.0806584362139917,0.0481481481481481,"(3, 2, 4)",124,1+1+1,0,18,20,9,38,18,minimize,69.18199999999999,,13,20,1,381,10.663,102.0,5,OPTIMAL_SOLUTION,1641.0,5
12,18,11,11,30,0.0921810699588477,0.0462962962962962,"(3, 2, 5)",125,1+1+1,0,18,20,9,38,18,minimize,68.268,,13,11,0,125,15.58,102.0,3,OPTIMAL_SOLUTION,1641.0,4
12,18,11,11,30,0.0928395061728395,0.0755555555555555,"(3, 3, 0)",126,2+1,0,18,20,9,38,18,minimize,73.767,,13,18,0,290,11.142,106.0,3,OPTIMAL_SOLUTION,1641.0,2
12,18,11,11,30,0.0795061728395061,0.0433333333333333,"(3, 3, 1)",127,2+1,0,18,20,9,38,18,minimize,69.84899999999999,,14,10,0,103,14.115,99.0,2,OPTIMAL_SOLUTION,1641.0,3
12,18,11,11,30,0.1069958847736625,0.0828042328042328,"(3, 3, 2)",128,2+1,0,18,20,9,38,18,minimize,67.959,,14,9,0,0,15.887,100.0,3,OPTIMAL_SOLUTION,1641.0,1
12,18,11,11,30,0.1185185185185185,0.0888888888888888,"(3, 3, 3)",129,3,0,18,20,9,38,18,minimize,69.316,,14,9,0,86,18.279,110.0,1,OPTIMAL_SOLUTION,1641.0,0
12,18,11,11,30,0.0928395061728395,0.0755555555555555,"(3, 3, 4)",130,2+1,0,18,20,9,38,18,minimize,66.625,,13,16,0,271,16.899,99.0,3,OPTIMAL_SOLUTION,1641.0,2
12,18,11,11,30,0.1069958847736625,0.0828042328042328,"(3, 3, 5)",131,2+1,0,18,20,9,38,18,minimize,67.166,,14,14,3,285,17.57,94.0,2,OPTIMAL_SOLUTION,1641.0,1
12,18,11,11,30,0.0790123456790123,0.0185185185185185,"(3, 4, 0)",132,1+1+1,0,18,20,9,38,18,minimize,71.012,,12,19,0,305,23.617,107.0,4,OPTIMAL_SOLUTION,1641.0,6
12,18,11,11,30,0.0806584362139917,0.0481481481481481,"(3, 4, 1)",133,1+1+1,0,18,20,9,38,18,minimize,68.01899999999999,,13,20,0,306,13.098,101.0,4,OPTIMAL_SOLUTION,1641.0,5
12,18,11,11,30,0.0806584362139917,0.0481481481481481,"(3, 4, 2)",134,1+1+1,0,18,20,9,38,18,minimize,68.585,,13,17,0,352,9.174,104.0,4,OPTIMAL_SOLUTION,1641.0,5
12,18,11,11,30,0.0928395061728395,0.0755555555555555,"(3, 4, 3)",135,2+1,0,18,20,9,38,18,minimize,75.094,,13,10,0,100,20.002,107.0,2,OPTIMAL_SOLUTION,1641.0,2
12,18,11,11,30,0.0928395061728395,0.0755555555555555,"(3, 4, 4)",136,2+1,0,18,20,9,38,18,minimize,66.745,,13,17,0,318,7.542,102.0,4,OPTIMAL_SOLUTION,1641.0,2
12,18,11,11,30,0.0921810699588477,0.0462962962962962,"(3, 4, 5)",137,1+1+1,0,18,20,9,38,18,minimize,66.25699999999999,,14,9,1,99,9.356,99.0,2,OPTIMAL_SOLUTION,1641.0,4
12,18,11,11,30,0.0806584362139917,0.0481481481481481,"(3, 5, 0)",138,1+1+1,0,18,20,9,38,18,minimize,67.983,,13,21,0,329,14.955,101.0,4,OPTIMAL_SOLUTION,1641.0,5
12,18,11,11,30,0.0806584362139917,0.0481481481481481,"(3, 5, 1)",139,1+1+1,0,18,20,9,38,18,minimize,68.044,,14,17,1,264,21.805,97.0,2,OPTIMAL_SOLUTION,1641.0,5
12,18,11,11,30,0.0921810699588477,0.0462962962962962,"(3, 5, 2)",140,1+1+1,0,18,20,9,38,18,minimize,68.77600000000001,,13,19,0,316,15.093,103.0,3,OPTIMAL_SOLUTION,1641.0,4
12,18,11,11,30,0.1069958847736625,0.0828042328042328,"(3, 5, 3)",141,2+1,0,18,20,9,38,18,minimize,66.122,,14,12,2,275,17.665,101.0,3,OPTIMAL_SOLUTION,1641.0,1
12,18,11,11,30,0.0921810699588477,0.0462962962962963,"(3, 5, 4)",142,1+1+1,0,18,20,9,38,18,minimize,70.976,,14,11,1,287,20.426,211.0,3,OPTIMAL_SOLUTION,1641.0,4
12,18,11,11,30,0.1069958847736625,0.0828042328042328,"(3, 5, 5)",143,2+1,0,18,20,9,38,18,minimize,67.90400000000001,,14,14,1,252,19.091,103.0,2,OPTIMAL_SOLUTION,1641.0,1
12,18,11,11,30,0.0928395061728395,0.0755555555555555,"(4, 0, 0)",144,2+1,0,18,20,9,38,18,minimize,68.726,,13,13,0,107,7.541,108.0,3,OPTIMAL_SOLUTION,1641.0,2
12,18,11,11,30,0.0921810699588477,0.0462962962962962,"(4, 0, 1)",145,1+1+1,0,18,20,9,38,18,minimize,76.67599999999999,,13,13,0,317,14.742,115.0,4,OPTIMAL_SOLUTION,1641.0,4
12,18,11,11,30,0.0806584362139917,0.0481481481481481,"(4, 0, 2)",146,1+1+1,0,18,20,9,38,18,minimize,68.714,,14,18,2,302,8.205,102.0,2,OPTIMAL_SOLUTION,1641.0,5
12,18,11,11,30,0.0790123456790123,0.0185185185185185,"(4, 0, 3)",147,1+1+1,0,18,20,9,38,18,minimize,72.03099999999999,,12,18,0,136,10.379,104.0,3,OPTIMAL_SOLUTION,1641.0,6
12,18,11,11,30,0.0928395061728395,0.0755555555555555,"(4, 0, 4)",148,2+1,0,18,20,9,38,18,minimize,70.646,,13,13,0,204,21.5,103.0,2,OPTIMAL_SOLUTION,1641.0,2
12,18,11,11,30,0.0806584362139917,0.0481481481481481,"(4, 0, 5)",149,1+1+1,0,18,20,9,38,18,minimize,72.552,,13,14,1,257,10.738,109.0,3,OPTIMAL_SOLUTION,1641.0,5
12,18,11,11,30,0.0921810699588477,0.0462962962962963,"(4, 1, 0)",150,1+1+1,0,18,20,9,38,18,minimize,72.20100000000001,,13,9,0,69,27.217,111.0,3,OPTIMAL_SOLUTION,1641.0,4
12,18,11,11,30,0.1069958847736625,0.0828042328042328,"(4, 1, 1)",151,2+1,0,18,20,9,38,18,minimize,69.549,,14,16,1,359,32.529,105.0,3,OPTIMAL_SOLUTION,1641.0,1
12,18,11,11,30,0.0806584362139917,0.0481481481481481,"(4, 1, 2)",152,1+1+1,0,18,20,9,38,18,minimize,71.864,,13,17,0,309,13.97,110.0,4,OPTIMAL_SOLUTION,1641.0,5
12,18,11,11,30,0.0806584362139917,0.0481481481481481,"(4, 1, 3)",153,1+1+1,0,18,20,9,38,18,minimize,69.113,,13,17,2,252,18.89,100.0,2,OPTIMAL_SOLUTION,1641.0,5
12,18,11,11,30,0.1069958847736625,0.0828042328042328,"(4, 1, 4)",154,2+1,0,18,20,9,38,18,minimize,69.92,,14,17,1,356,12.461,219.0,3,OPTIMAL_SOLUTION,1641.0,1
12,18,11,11,30,0.0921810699588477,0.0462962962962962,"(4, 1, 5)",155,1+1+1,0,18,20,9,38,18,minimize,70.397,,13,16,1,253,35.606,215.0,3,OPTIMAL_SOLUTION,1641.0,4
12,18,11,11,30,0.0806584362139917,0.0481481481481481,"(4, 2, 0)",156,1+1+1,0,18,20,9,38,18,minimize,70.368,,14,15,2,326,9.772,101.0,3,OPTIMAL_SOLUTION,1641.0,5
12,18,11,11,30,0.0806584362139917,0.0481481481481481,"(4, 2, 1)",157,1+1+1,0,18,20,9,38,18,minimize,68.701,,13,14,0,185,12.827,102.0,3,OPTIMAL_SOLUTION,1641.0,5
12,18,11,11,30,0.0795061728395061,0.0433333333333333,"(4, 2, 2)",158,2+1,0,18,20,9,38,18,minimize,67.23400000000001,,14,9,1,91,16.587999999999997,98.0,2,OPTIMAL_SOLUTION,1641.0,3
12,18,11,11,30,0.0806584362139917,0.0481481481481481,"(4, 2, 3)",159,1+1+1,0,18,20,9,38,18,minimize,69.272,,13,16,1,234,7.544,100.0,2,OPTIMAL_SOLUTION,1641.0,5
12,18,11,11,30,0.0795061728395061,0.0433333333333333,"(4, 2, 4)",160,2+1,0,18,20,9,38,18,minimize,70.444,,14,15,1,269,10.635,105.0,2,OPTIMAL_SOLUTION,1641.0,3
12,18,11,11,30,0.0806584362139917,0.0481481481481481,"(4, 2, 5)",161,1+1+1,0,18,20,9,38,18,minimize,70.94,,14,12,1,135,7.635000000000001,103.0,1,OPTIMAL_SOLUTION,1641.0,5
12,18,11,11,30,0.0790123456790123,0.0185185185185185,"(4, 3, 0)",162,1+1+1,0,18,20,9,38,18,minimize,69.51100000000001,,12,19,0,238,13.102,219.0,3,OPTIMAL_SOLUTION,1641.0,6
12,18,11,11,30,0.0806584362139917,0.0481481481481481,"(4, 3, 1)",163,1+1+1,0,18,20,9,38,18,minimize,68.37,,13,12,0,154,21.557,104.0,3,OPTIMAL_SOLUTION,1641.0,5
12,18,11,11,30,0.0806584362139917,0.0481481481481481,"(4, 3, 2)",164,1+1+1,0,18,20,9,38,18,minimize,73.33099999999999,,13,13,0,167,19.389,108.0,3,OPTIMAL_SOLUTION,1641.0,5
12,18,11,11,30,0.0928395061728395,0.0755555555555555,"(4, 3, 3)",165,2+1,0,18,20,9,38,18,minimize,67.261,,13,9,0,72,13.145,199.0,1,OPTIMAL_SOLUTION,1641.0,2
12,18,11,11,30,0.0928395061728395,0.0755555555555555,"(4, 3, 4)",166,2+1,0,18,20,9,38,18,minimize,69.10900000000001,,13,15,0,283,19.111,115.0,3,OPTIMAL_SOLUTION,1641.0,2
12,18,11,11,30,0.0921810699588477,0.0462962962962962,"(4, 3, 5)",167,1+1+1,0,18,20,9,38,18,minimize,70.81700000000001,,14,9,1,99,11.188,205.0,1,OPTIMAL_SOLUTION,1641.0,4
12,18,11,11,30,0.0928395061728395,0.0755555555555555,"(4, 4, 0)",168,2+1,0,18,20,9,38,18,minimize,68.118,,13,13,0,264,8.735,98.0,3,OPTIMAL_SOLUTION,1641.0,2
12,18,11,11,30,0.1069958847736625,0.0828042328042328,"(4, 4, 1)",169,2+1,0,18,20,9,38,18,minimize,72.80799999999999,,14,15,1,352,9.482,111.0,3,OPTIMAL_SOLUTION,1641.0,1
12,18,11,11,30,0.0795061728395061,0.0433333333333333,"(4, 4, 2)",170,2+1,0,18,20,9,38,18,minimize,67.579,,14,10,1,131,8.256,102.0,2,OPTIMAL_SOLUTION,1641.0,3
12,18,11,11,30,0.0928395061728395,0.0755555555555555,"(4, 4, 3)",171,2+1,0,18,20,9,38,18,minimize,67.974,,13,12,0,94,7.301,200.0,1,OPTIMAL_SOLUTION,1641.0,2
12,18,11,11,30,0.1185185185185185,0.0888888888888888,"(4, 4, 4)",172,3,0,18,20,9,38,18,minimize,71.452,,14,11,0,117,9.546,97.0,1,OPTIMAL_SOLUTION,1641.0,0
12,18,11,11,30,0.1069958847736625,0.0828042328042328,"(4, 4, 5)",173,2+1,0,18,20,9,38,18,minimize,75.193,,14,10,0,99,21.899,107.0,2,OPTIMAL_SOLUTION,1641.0,1
12,18,11,11,30,0.0806584362139917,0.0481481481481481,"(4, 5, 0)",174,1+1+1,0,18,20,9,38,18,minimize,69.177,,13,18,0,352,24.583,104.0,5,OPTIMAL_SOLUTION,1641.0,5
12,18,11,11,30,0.0921810699588477,0.0462962962962962,"(4, 5, 1)",175,1+1+1,0,18,20,9,38,18,minimize,69.331,,13,17,0,304,13.313,105.0,3,OPTIMAL_SOLUTION,1641.0,4
12,18,11,11,30,0.0806584362139917,0.0481481481481481,"(4, 5, 2)",176,1+1+1,0,18,20,9,38,18,minimize,81.679,,14,15,2,298,12.834,117.0,3,OPTIMAL_SOLUTION,1641.0,5
12,18,11,11,30,0.0921810699588477,0.0462962962962963,"(4, 5, 3)",177,1+1+1,0,18,20,9,38,18,minimize,68.69200000000001,,14,9,1,108,22.853,206.0,2,OPTIMAL_SOLUTION,1641.0,4
12,18,11,11,30,0.1069958847736625,0.0828042328042328,"(4, 5, 4)",178,2+1,0,18,20,9,38,18,minimize,70.477,,14,13,2,293,9.581,114.0,3,OPTIMAL_SOLUTION,1641.0,1
12,18,11,11,30,0.1069958847736625,0.0828042328042328,"(4, 5, 5)",179,2+1,0,18,20,9,38,18,minimize,74.37299999999999,,14,13,2,260,14.444,109.0,2,OPTIMAL_SOLUTION,1641.0,1
12,18,11,11,30,0.0795061728395061,0.0433333333333333,"(5, 0, 0)",180,2+1,0,18,20,9,38,18,minimize,71.47399999999999,,14,16,1,369,7.854999999999999,107.0,3,OPTIMAL_SOLUTION,1641.0,3
12,18,11,11,30,0.0806584362139917,0.0481481481481481,"(5, 0, 1)",181,1+1+1,0,18,20,9,38,18,minimize,70.118,,13,18,0,313,7.993,107.0,4,OPTIMAL_SOLUTION,1641.0,5
12,18,11,11,30,0.0806584362139917,0.0481481481481481,"(5, 0, 2)",182,1+1+1,0,18,20,9,38,18,minimize,68.06099999999999,,13,16,1,243,21.619,101.0,4,OPTIMAL_SOLUTION,1641.0,5
12,18,11,11,30,0.0806584362139917,0.0481481481481481,"(5, 0, 3)",183,1+1+1,0,18,20,9,38,18,minimize,76.38300000000001,,13,15,1,268,18.955,109.0,3,OPTIMAL_SOLUTION,1641.0,5
12,18,11,11,30,0.0806584362139917,0.0481481481481481,"(5, 0, 4)",184,1+1+1,0,18,20,9,38,18,minimize,72.129,,13,16,0,108,20.786,105.0,2,OPTIMAL_SOLUTION,1641.0,5
12,18,11,11,30,0.0795061728395061,0.0433333333333333,"(5, 0, 5)",185,2+1,0,18,20,9,38,18,minimize,70.415,,14,17,1,368,27.192,110.0,2,OPTIMAL_SOLUTION,1641.0,3
12,18,11,11,30,0.0806584362139917,0.0481481481481481,"(5, 1, 0)",186,1+1+1,0,18,20,9,38,18,minimize,68.846,,13,13,0,317,20.801,100.0,3,OPTIMAL_SOLUTION,1641.0,5
12,18,11,11,30,0.0928395061728395,0.0755555555555555,"(5, 1, 1)",187,2+1,0,18,20,9,38,18,minimize,70.0,,13,13,0,280,9.042,117.0,3,OPTIMAL_SOLUTION,1641.0,2
12,18,11,11,30,0.0790123456790123,0.0185185185185185,"(5, 1, 2)",188,1+1+1,0,18,20,9,38,18,minimize,69.508,,12,15,0,310,11.817,104.0,4,OPTIMAL_SOLUTION,1641.0,6
12,18,11,11,30,0.0806584362139917,0.0481481481481481,"(5, 1, 3)",189,1+1+1,0,18,20,9,38,18,minimize,68.61399999999999,,14,17,2,300,20.983,102.0,3,OPTIMAL_SOLUTION,1641.0,5
12,18,11,11,30,0.0921810699588477,0.0462962962962962,"(5, 1, 4)",190,1+1+1,0,18,20,9,38,18,minimize,69.17,,13,14,1,258,8.954,100.0,3,OPTIMAL_SOLUTION,1641.0,4
12,18,11,11,30,0.0928395061728395,0.0755555555555555,"(5, 1, 5)",191,2+1,0,18,20,9,38,18,minimize,69.17099999999999,,13,13,0,208,22.698,103.0,2,OPTIMAL_SOLUTION,1641.0,2
12,18,11,11,30,0.0806584362139917,0.0481481481481481,"(5, 2, 0)",192,1+1+1,0,18,20,9,38,18,minimize,78.483,,13,18,0,317,21.551,129.0,4,OPTIMAL_SOLUTION,1641.0,5
12,18,11,11,30,0.0790123456790123,0.0185185185185185,"(5, 2, 1)",193,1+1+1,0,18,20,9,38,18,minimize,71.222,,12,17,0,257,19.375,107.0,3,OPTIMAL_SOLUTION,1641.0,6
12,18,11,11,30,0.0928395061728395,0.0755555555555555,"(5, 2, 2)",194,2+1,0,18,20,9,38,18,minimize,73.08099999999999,,13,17,0,295,19.971,102.0,3,OPTIMAL_SOLUTION,1641.0,2
12,18,11,11,30,0.0921810699588477,0.0462962962962962,"(5, 2, 3)",195,1+1+1,0,18,20,9,38,18,minimize,70.67,,13,11,0,147,11.164,107.0,3,OPTIMAL_SOLUTION,1641.0,4
12,18,11,11,30,0.0806584362139917,0.0481481481481481,"(5, 2, 4)",196,1+1+1,0,18,20,9,38,18,minimize,70.414,,14,12,1,147,12.34,101.0,2,OPTIMAL_SOLUTION,1641.0,5
12,18,11,11,30,0.0928395061728395,0.0755555555555555,"(5, 2, 5)",197,2+1,0,18,20,9,38,18,minimize,70.238,,13,15,0,264,14.368,107.0,2,OPTIMAL_SOLUTION,1641.0,2
12,18,11,11,30,0.0806584362139917,0.0481481481481481,"(5, 3, 0)",198,1+1+1,0,18,20,9,38,18,minimize,91.333,,13,12,0,148,14.484,128.0,3,OPTIMAL_SOLUTION,1641.0,5
12,18,11,11,30,0.0806584362139917,0.0481481481481481,"(5, 3, 1)",199,1+1+1,0,18,20,9,38,18,minimize,74.56400000000001,,14,12,1,144,26.546,210.0,3,OPTIMAL_SOLUTION,1641.0,5
12,18,11,11,30,0.0921810699588477,0.0462962962962963,"(5, 3, 2)",200,1+1+1,0,18,20,9,38,18,minimize,87.885,,13,9,0,76,22.742,134.0,2,OPTIMAL_SOLUTION,1641.0,4
12,18,11,11,30,0.1069958847736625,0.0828042328042328,"(5, 3, 3)",201,2+1,0,18,20,9,38,18,minimize,81.631,,14,12,1,160,9.363,111.0,2,OPTIMAL_SOLUTION,1641.0,1
12,18,11,11,30,0.0921810699588477,0.0462962962962962,"(5, 3, 4)",202,1+1+1,0,18,20,9,38,18,minimize,70.8,,14,13,0,128,10.001,111.0,3,OPTIMAL_SOLUTION,1641.0,4
12,18,11,11,30,0.1069958847736625,0.0828042328042328,"(5, 3, 5)",203,2+1,0,18,20,9,38,18,minimize,78.619,,14,15,1,279,21.384,108.0,3,OPTIMAL_SOLUTION,1641.0,1
12,18,11,11,30,0.0806584362139917,0.0481481481481481,"(5, 4, 0)",204,1+1+1,0,18,20,9,38,18,minimize,69.752,,13,17,0,304,19.237,111.0,3,OPTIMAL_SOLUTION,1641.0,5
12,18,11,11,30,0.0921810699588477,0.0462962962962963,"(5, 4, 1)",205,1+1+1,0,18,20,9,38,18,minimize,74.155,,13,9,0,0,12.413,112.0,5,OPTIMAL_SOLUTION,1641.0,4
12,18,11,11,30,0.0806584362139917,0.0481481481481481,"(5, 4, 2)",206,1+1+1,0,18,20,9,38,18,minimize,86.43,,14,17,1,294,12.9,122.0,3,OPTIMAL_SOLUTION,1641.0,5
12,18,11,11,30,0.0921810699588477,0.0462962962962962,"(5, 4, 3)",207,1+1+1,0,18,20,9,38,18,minimize,94.196,,14,12,1,144,14.675,136.0,1,OPTIMAL_SOLUTION,1641.0,4
12,18,11,11,30,0.1069958847736625,0.0828042328042328,"(5, 4, 4)",208,2+1,0,18,20,9,38,18,minimize,85.93,,14,13,2,258,12.292000000000002,116.0,2,OPTIMAL_SOLUTION,1641.0,1
12,18,11,11,30,0.1069958847736625,0.0828042328042328,"(5, 4, 5)",209,2+1,0,18,20,9,38,18,minimize,82.723,,14,12,0,117,10.046,116.0,3,OPTIMAL_SOLUTION,1641.0,1
12,18,11,11,30,0.0795061728395061,0.0433333333333333,"(5, 5, 0)",210,2+1,0,18,20,9,38,18,minimize,71.174,,14,11,1,140,18.003,102.0,3,OPTIMAL_SOLUTION,1641.0,3
12,18,11,11,30,0.0928395061728395,0.0755555555555555,"(5, 5, 1)",211,2+1,0,18,20,9,38,18,minimize,70.593,,13,13,0,266,8.626999999999999,106.0,3,OPTIMAL_SOLUTION,1641.0,2
12,18,11,11,30,0.0928395061728395,0.0755555555555555,"(5, 5, 2)",212,2+1,0,18,20,9,38,18,minimize,69.903,,13,9,0,0,8.035,100.0,3,OPTIMAL_SOLUTION,1641.0,2
12,18,11,11,30,0.1069958847736625,0.0828042328042328,"(5, 5, 3)",213,2+1,0,18,20,9,38,18,minimize,70.775,,14,10,1,132,8.656,200.0,2,OPTIMAL_SOLUTION,1641.0,1
12,18,11,11,30,0.1069958847736625,0.0828042328042328,"(5, 5, 4)",214,2+1,0,18,20,9,38,18,minimize,69.091,,14,13,2,253,7.669,100.0,2,OPTIMAL_SOLUTION,1641.0,1
12,18,11,11,30,0.1185185185185185,0.0888888888888888,"(5, 5, 5)",215,3,0,18,20,9,38,18,minimize,66.29599999999999,,14,11,0,122,34.414,93.0,1,OPTIMAL_SOLUTION,1641.0,0
