family,from_machine,to_machine,count,adjacent_arcs_total,total_jobs,frequency_over_all_adjacent_arcs,frequency_per_job
abz,0,1,8,1020,80,0.00784313725490196,0.1
abz,0,2,7,1020,80,0.006862745098039216,0.0875
abz,0,3,8,1020,80,0.00784313725490196,0.1
abz,0,4,5,1020,80,0.004901960784313725,0.0625
abz,0,5,3,1020,80,0.0029411764705882353,0.0375
abz,0,6,5,1020,80,0.004901960784313725,0.0625
abz,0,7,8,1020,80,0.00784313725490196,0.1
abz,0,8,5,1020,80,0.004901960784313725,0.0625
abz,0,9,5,1020,80,0.004901960784313725,0.0625
abz,0,10,4,1020,80,0.00392156862745098,0.05
abz,0,11,3,1020,80,0.0029411764705882353,0.0375
abz,0,12,1,1020,80,0.000980392156862745,0.0125
abz,0,13,7,1020,80,0.006862745098039216,0.0875
abz,0,14,2,1020,80,0.00196078431372549,0.025
abz,1,0,5,1020,80,0.004901960784313725,0.0625
abz,1,2,6,1020,80,0.0058823529411764705,0.075
abz,1,3,3,1020,80,0.0029411764705882353,0.0375
abz,1,4,10,1020,80,0.00980392156862745,0.125
abz,1,5,8,1020,80,0.00784313725490196,0.1
abz,1,6,5,1020,80,0.004901960784313725,0.0625
abz,1,7,10,1020,80,0.00980392156862745,0.125
abz,1,8,5,1020,80,0.004901960784313725,0.0625
abz,1,9,0,1020,80,0.0,0.0
abz,1,10,3,1020,80,0.0029411764705882353,0.0375
abz,1,11,6,1020,80,0.0058823529411764705,0.075
abz,1,12,4,1020,80,0.00392156862745098,0.05
abz,1,13,2,1020,80,0.00196078431372549,0.025
abz,1,14,6,1020,80,0.0058823529411764705,0.075
abz,2,0,7,1020,80,0.006862745098039216,0.0875
abz,2,1,7,1020,80,0.006862745098039216,0.0875
abz,2,3,8,1020,80,0.00784313725490196,0.1
abz,2,4,7,1020,80,0.006862745098039216,0.0875
abz,2,5,6,1020,80,0.0058823529411764705,0.075
abz,2,6,3,1020,80,0.0029411764705882353,0.0375
abz,2,7,5,1020,80,0.004901960784313725,0.0625
abz,2,8,4,1020,80,0.00392156862745098,0.05
abz,2,9,4,1020,80,0.00392156862745098,0.05
abz,2,10,5,1020,80,0.004901960784313725,0.0625
abz,2,11,3,1020,80,0.0029411764705882353,0.0375
abz,2,12,9,1020,80,0.008823529411764706,0.1125
abz,2,13,4,1020,80,0.00392156862745098,0.05
abz,2,14,1,1020,80,0.000980392156862745,0.0125
abz,3,0,6,1020,80,0.0058823529411764705,0.075
abz,3,1,4,1020,80,0.00392156862745098,0.05
abz,3,2,5,1020,80,0.004901960784313725,0.0625
abz,3,4,4,1020,80,0.00392156862745098,0.05
abz,3,5,5,1020,80,0.004901960784313725,0.0625
abz,3,6,8,1020,80,0.00784313725490196,0.1
abz,3,7,3,1020,80,0.0029411764705882353,0.0375
abz,3,8,4,1020,80,0.00392156862745098,0.05
abz,3,9,9,1020,80,0.008823529411764706,0.1125
abz,3,10,7,1020,80,0.006862745098039216,0.0875
abz,3,11,3,1020,80,0.0029411764705882353,0.0375
abz,3,12,8,1020,80,0.00784313725490196,0.1
abz,3,13,8,1020,80,0.00784313725490196,0.1
abz,3,14,2,1020,80,0.00196078431372549,0.025
abz,4,0,10,1020,80,0.00980392156862745,0.125
abz,4,1,5,1020,80,0.004901960784313725,0.0625
abz,4,2,10,1020,80,0.00980392156862745,0.125
abz,4,3,6,1020,80,0.0058823529411764705,0.075
abz,4,5,5,1020,80,0.004901960784313725,0.0625
abz,4,6,8,1020,80,0.00784313725490196,0.1
abz,4,7,2,1020,80,0.00196078431372549,0.025
abz,4,8,7,1020,80,0.006862745098039216,0.0875
abz,4,9,11,1020,80,0.010784313725490196,0.1375
abz,4,10,3,1020,80,0.0029411764705882353,0.0375
abz,4,11,3,1020,80,0.0029411764705882353,0.0375
abz,4,12,3,1020,80,0.0029411764705882353,0.0375
abz,4,13,2,1020,80,0.00196078431372549,0.025
abz,4,14,2,1020,80,0.00196078431372549,0.025
abz,5,0,3,1020,80,0.0029411764705882353,0.0375
abz,5,1,4,1020,80,0.00392156862745098,0.05
abz,5,2,7,1020,80,0.006862745098039216,0.0875
abz,5,3,9,1020,80,0.008823529411764706,0.1125
abz,5,4,7,1020,80,0.006862745098039216,0.0875
abz,5,6,8,1020,80,0.00784313725490196,0.1
abz,5,7,7,1020,80,0.006862745098039216,0.0875
abz,5,8,9,1020,80,0.008823529411764706,0.1125
abz,5,9,4,1020,80,0.00392156862745098,0.05
abz,5,10,4,1020,80,0.00392156862745098,0.05
abz,5,11,5,1020,80,0.004901960784313725,0.0625
abz,5,12,4,1020,80,0.00392156862745098,0.05
abz,5,13,3,1020,80,0.0029411764705882353,0.0375
abz,5,14,3,1020,80,0.0029411764705882353,0.0375
abz,6,0,3,1020,80,0.0029411764705882353,0.0375
abz,6,1,3,1020,80,0.0029411764705882353,0.0375
abz,6,2,7,1020,80,0.006862745098039216,0.0875
abz,6,3,5,1020,80,0.004901960784313725,0.0625
abz,6,4,6,1020,80,0.0058823529411764705,0.075
abz,6,5,13,1020,80,0.012745098039215686,0.1625
abz,6,7,5,1020,80,0.004901960784313725,0.0625
abz,6,8,10,1020,80,0.00980392156862745,0.125
abz,6,9,6,1020,80,0.0058823529411764705,0.075
abz,6,10,2,1020,80,0.00196078431372549,0.025
abz,6,11,2,1020,80,0.00196078431372549,0.025
abz,6,12,8,1020,80,0.00784313725490196,0.1
abz,6,13,0,1020,80,0.0,0.0
abz,6,14,3,1020,80,0.0029411764705882353,0.0375
abz,7,0,9,1020,80,0.008823529411764706,0.1125
abz,7,1,9,1020,80,0.008823529411764706,0.1125
abz,7,2,4,1020,80,0.00392156862745098,0.05
abz,7,3,5,1020,80,0.004901960784313725,0.0625
abz,7,4,7,1020,80,0.006862745098039216,0.0875
abz,7,5,3,1020,80,0.0029411764705882353,0.0375
abz,7,6,4,1020,80,0.00392156862745098,0.05
abz,7,8,5,1020,80,0.004901960784313725,0.0625
abz,7,9,8,1020,80,0.00784313725490196,0.1
abz,7,10,5,1020,80,0.004901960784313725,0.0625
abz,7,11,5,1020,80,0.004901960784313725,0.0625
abz,7,12,3,1020,80,0.0029411764705882353,0.0375
abz,7,13,2,1020,80,0.00196078431372549,0.025
abz,7,14,4,1020,80,0.00392156862745098,0.05
abz,8,0,7,1020,80,0.006862745098039216,0.0875
abz,8,1,2,1020,80,0.00196078431372549,0.025
abz,8,2,5,1020,80,0.004901960784313725,0.0625
abz,8,3,7,1020,80,0.006862745098039216,0.0875
abz,8,4,6,1020,80,0.0058823529411764705,0.075
abz,8,5,6,1020,80,0.0058823529411764705,0.075
abz,8,6,7,1020,80,0.006862745098039216,0.0875
abz,8,7,4,1020,80,0.00392156862745098,0.05
abz,8,9,9,1020,80,0.008823529411764706,0.1125
abz,8,10,1,1020,80,0.000980392156862745,0.0125
abz,8,11,5,1020,80,0.004901960784313725,0.0625
abz,8,12,4,1020,80,0.00392156862745098,0.05
abz,8,13,3,1020,80,0.0029411764705882353,0.0375
abz,8,14,7,1020,80,0.006862745098039216,0.0875
abz,9,0,5,1020,80,0.004901960784313725,0.0625
abz,9,1,5,1020,80,0.004901960784313725,0.0625
abz,9,2,6,1020,80,0.0058823529411764705,0.075
abz,9,3,7,1020,80,0.006862745098039216,0.0875
abz,9,4,4,1020,80,0.00392156862745098,0.05
abz,9,5,3,1020,80,0.0029411764705882353,0.0375
abz,9,6,8,1020,80,0.00784313725490196,0.1
abz,9,7,6,1020,80,0.0058823529411764705,0.075
abz,9,8,6,1020,80,0.0058823529411764705,0.075
abz,9,10,3,1020,80,0.0029411764705882353,0.0375
abz,9,11,1,1020,80,0.000980392156862745,0.0125
abz,9,12,3,1020,80,0.0029411764705882353,0.0375
abz,9,13,6,1020,80,0.0058823529411764705,0.075
abz,9,14,9,1020,80,0.008823529411764706,0.1125
abz,10,0,7,1020,80,0.006862745098039216,0.0875
abz,10,1,3,1020,80,0.0029411764705882353,0.0375
abz,10,2,4,1020,80,0.00392156862745098,0.05
abz,10,3,4,1020,80,0.00392156862745098,0.05
abz,10,4,2,1020,80,0.00196078431372549,0.025
abz,10,5,4,1020,80,0.00392156862745098,0.05
abz,10,6,3,1020,80,0.0029411764705882353,0.0375
abz,10,7,8,1020,80,0.00784313725490196,0.1
abz,10,8,3,1020,80,0.0029411764705882353,0.0375
abz,10,9,2,1020,80,0.00196078431372549,0.025
abz,10,11,4,1020,80,0.00392156862745098,0.05
abz,10,12,3,1020,80,0.0029411764705882353,0.0375
abz,10,13,1,1020,80,0.000980392156862745,0.0125
abz,10,14,6,1020,80,0.0058823529411764705,0.075
abz,11,0,1,1020,80,0.000980392156862745,0.0125
abz,11,1,5,1020,80,0.004901960784313725,0.0625
abz,11,2,6,1020,80,0.0058823529411764705,0.075
abz,11,3,3,1020,80,0.0029411764705882353,0.0375
abz,11,4,3,1020,80,0.0029411764705882353,0.0375
abz,11,5,4,1020,80,0.00392156862745098,0.05
abz,11,6,5,1020,80,0.004901960784313725,0.0625
abz,11,7,4,1020,80,0.00392156862745098,0.05
abz,11,8,4,1020,80,0.00392156862745098,0.05
abz,11,9,2,1020,80,0.00196078431372549,0.025
abz,11,10,3,1020,80,0.0029411764705882353,0.0375
abz,11,12,2,1020,80,0.00196078431372549,0.025
abz,11,13,10,1020,80,0.00980392156862745,0.125
abz,11,14,6,1020,80,0.0058823529411764705,0.075
abz,12,0,3,1020,80,0.0029411764705882353,0.0375
abz,12,1,8,1020,80,0.00784313725490196,0.1
abz,12,2,1,1020,80,0.000980392156862745,0.0125
abz,12,3,1,1020,80,0.000980392156862745,0.0125
abz,12,4,9,1020,80,0.008823529411764706,0.1125
abz,12,5,5,1020,80,0.004901960784313725,0.0625
abz,12,6,3,1020,80,0.0029411764705882353,0.0375
abz,12,7,3,1020,80,0.0029411764705882353,0.0375
abz,12,8,2,1020,80,0.00196078431372549,0.025
abz,12,9,3,1020,80,0.0029411764705882353,0.0375
abz,12,10,8,1020,80,0.00784313725490196,0.1
abz,12,11,6,1020,80,0.0058823529411764705,0.075
abz,12,13,1,1020,80,0.000980392156862745,0.0125
abz,12,14,2,1020,80,0.00196078431372549,0.025
abz,13,0,7,1020,80,0.006862745098039216,0.0875
abz,13,1,6,1020,80,0.0058823529411764705,0.075
abz,13,2,4,1020,80,0.00392156862745098,0.05
abz,13,3,2,1020,80,0.00196078431372549,0.025
abz,13,4,3,1020,80,0.0029411764705882353,0.0375
abz,13,5,1,1020,80,0.000980392156862745,0.0125
abz,13,6,2,1020,80,0.00196078431372549,0.025
abz,13,7,6,1020,80,0.0058823529411764705,0.075
abz,13,8,5,1020,80,0.004901960784313725,0.0625
abz,13,9,4,1020,80,0.00392156862745098,0.05
abz,13,10,8,1020,80,0.00784313725490196,0.1
abz,13,11,5,1020,80,0.004901960784313725,0.0625
abz,13,12,2,1020,80,0.00196078431372549,0.025
abz,13,14,2,1020,80,0.00196078431372549,0.025
abz,14,0,2,1020,80,0.00196078431372549,0.025
abz,14,1,5,1020,80,0.004901960784313725,0.0625
abz,14,2,3,1020,80,0.0029411764705882353,0.0375
abz,14,3,7,1020,80,0.006862745098039216,0.0875
abz,14,4,2,1020,80,0.00196078431372549,0.025
abz,14,5,6,1020,80,0.0058823529411764705,0.075
abz,14,6,5,1020,80,0.004901960784313725,0.0625
abz,14,7,4,1020,80,0.00392156862745098,0.05
abz,14,8,3,1020,80,0.0029411764705882353,0.0375
abz,14,9,6,1020,80,0.0058823529411764705,0.075
abz,14,10,2,1020,80,0.00196078431372549,0.025
abz,14,11,4,1020,80,0.00392156862745098,0.05
abz,14,12,2,1020,80,0.00196078431372549,0.025
abz,14,13,7,1020,80,0.006862745098039216,0.0875
ft,0,1,13,200,36,0.065,0.3611111111111111
ft,0,2,7,200,36,0.035,0.19444444444444445
ft,0,3,11,200,36,0.055,0.3055555555555556
ft,0,4,4,200,36,0.02,0.1111111111111111
ft,0,5,0,200,36,0.0,0.0
ft,0,6,1,200,36,0.005,0.027777777777777776
ft,0,7,0,200,36,0.0,0.0
ft,0,8,0,200,36,0.0,0.0
ft,0,9,0,200,36,0.0,0.0
ft,1,0,10,200,36,0.05,0.2777777777777778
ft,1,2,7,200,36,0.035,0.19444444444444445
ft,1,3,9,200,36,0.045,0.25
ft,1,4,6,200,36,0.03,0.16666666666666666
ft,1,5,3,200,36,0.015,0.08333333333333333
ft,1,6,1,200,36,0.005,0.027777777777777776
ft,1,7,0,200,36,0.0,0.0
ft,1,8,0,200,36,0.0,0.0
ft,1,9,0,200,36,0.0,0.0
ft,2,0,8,200,36,0.04,0.2222222222222222
ft,2,1,8,200,36,0.04,0.2222222222222222
ft,2,3,9,200,36,0.045,0.25
ft,2,4,4,200,36,0.02,0.1111111111111111
ft,2,5,0,200,36,0.0,0.0
ft,2,6,2,200,36,0.01,0.05555555555555555
ft,2,7,0,200,36,0.0,0.0
ft,2,8,1,200,36,0.005,0.027777777777777776
ft,2,9,1,200,36,0.005,0.027777777777777776
ft,3,0,1,200,36,0.005,0.027777777777777776
ft,3,1,1,200,36,0.005,0.027777777777777776
ft,3,2,4,200,36,0.02,0.1111111111111111
ft,3,4,16,200,36,0.08,0.4444444444444444
ft,3,5,4,200,36,0.02,0.1111111111111111
ft,3,6,0,200,36,0.0,0.0
ft,3,7,0,200,36,0.0,0.0
ft,3,8,1,200,36,0.005,0.027777777777777776
ft,3,9,1,200,36,0.005,0.027777777777777776
ft,4,0,1,200,36,0.005,0.027777777777777776
ft,4,1,0,200,36,0.0,0.0
ft,4,2,6,200,36,0.03,0.16666666666666666
ft,4,3,1,200,36,0.005,0.027777777777777776
ft,4,5,4,200,36,0.02,0.1111111111111111
ft,4,6,2,200,36,0.01,0.05555555555555555
ft,4,7,2,200,36,0.01,0.05555555555555555
ft,4,8,2,200,36,0.01,0.05555555555555555
ft,4,9,1,200,36,0.005,0.027777777777777776
ft,5,0,4,200,36,0.02,0.1111111111111111
ft,5,1,0,200,36,0.0,0.0
ft,5,2,1,200,36,0.005,0.027777777777777776
ft,5,3,3,200,36,0.015,0.08333333333333333
ft,5,4,2,200,36,0.01,0.05555555555555555
ft,5,6,1,200,36,0.005,0.027777777777777776
ft,5,7,2,200,36,0.01,0.05555555555555555
ft,5,8,0,200,36,0.0,0.0
ft,5,9,1,200,36,0.005,0.027777777777777776
ft,6,0,0,200,36,0.0,0.0
ft,6,1,0,200,36,0.0,0.0
ft,6,2,0,200,36,0.0,0.0
ft,6,3,0,200,36,0.0,0.0
ft,6,4,1,200,36,0.005,0.027777777777777776
ft,6,5,2,200,36,0.01,0.05555555555555555
ft,6,7,2,200,36,0.01,0.05555555555555555
ft,6,8,3,200,36,0.015,0.08333333333333333
ft,6,9,1,200,36,0.005,0.027777777777777776
ft,7,0,0,200,36,0.0,0.0
ft,7,1,0,200,36,0.0,0.0
ft,7,2,0,200,36,0.0,0.0
ft,7,3,2,200,36,0.01,0.05555555555555555
ft,7,4,2,200,36,0.01,0.05555555555555555
ft,7,5,0,200,36,0.0,0.0
ft,7,6,1,200,36,0.005,0.027777777777777776
ft,7,8,2,200,36,0.01,0.05555555555555555
ft,7,9,1,200,36,0.005,0.027777777777777776
ft,8,0,0,200,36,0.0,0.0
ft,8,1,0,200,36,0.0,0.0
ft,8,2,0,200,36,0.0,0.0
ft,8,3,0,200,36,0.0,0.0
ft,8,4,0,200,36,0.0,0.0
ft,8,5,1,200,36,0.005,0.027777777777777776
ft,8,6,0,200,36,0.0,0.0
ft,8,7,3,200,36,0.015,0.08333333333333333
ft,8,9,4,200,36,0.02,0.1111111111111111
ft,9,0,1,200,36,0.005,0.027777777777777776
ft,9,1,0,200,36,0.0,0.0
ft,9,2,0,200,36,0.0,0.0
ft,9,3,1,200,36,0.005,0.027777777777777776
ft,9,4,1,200,36,0.005,0.027777777777777776
ft,9,5,2,200,36,0.01,0.05555555555555555
ft,9,6,2,200,36,0.01,0.05555555555555555
ft,9,7,1,200,36,0.005,0.027777777777777776
ft,9,8,1,200,36,0.005,0.027777777777777776
la,0,1,84,5325,675,0.015774647887323943,0.12444444444444444
la,0,2,91,5325,675,0.017089201877934272,0.1348148148148148
la,0,3,91,5325,675,0.017089201877934272,0.1348148148148148
la,0,4,81,5325,675,0.015211267605633802,0.12
la,0,5,51,5325,675,0.009577464788732394,0.07555555555555556
la,0,6,39,5325,675,0.007323943661971831,0.057777777777777775
la,0,7,42,5325,675,0.007887323943661971,0.06222222222222222
la,0,8,44,5325,675,0.008262910798122065,0.06518518518518518
la,0,9,38,5325,675,0.007136150234741784,0.056296296296296296
la,0,10,3,5325,675,0.0005633802816901409,0.0044444444444444444
la,0,11,4,5325,675,0.0007511737089201878,0.005925925925925926
la,0,12,2,5325,675,0.0003755868544600939,0.002962962962962963
la,0,13,4,5325,675,0.0007511737089201878,0.005925925925925926
la,0,14,3,5325,675,0.0005633802816901409,0.0044444444444444444
la,1,0,96,5325,675,0.018028169014084508,0.14222222222222222
la,1,2,83,5325,675,0.015586854460093896,0.12296296296296297
la,1,3,81,5325,675,0.015211267605633802,0.12
la,1,4,80,5325,675,0.015023474178403756,0.11851851851851852
la,1,5,34,5325,675,0.006384976525821596,0.05037037037037037
la,1,6,40,5325,675,0.007511737089201878,0.05925925925925926
la,1,7,50,5325,675,0.009389671361502348,0.07407407407407407
la,1,8,54,5325,675,0.010140845070422535,0.08
la,1,9,38,5325,675,0.007136150234741784,0.056296296296296296
la,1,10,5,5325,675,0.0009389671361502347,0.007407407407407408
la,1,11,3,5325,675,0.0005633802816901409,0.0044444444444444444
la,1,12,5,5325,675,0.0009389671361502347,0.007407407407407408
la,1,13,4,5325,675,0.0007511737089201878,0.005925925925925926
la,1,14,5,5325,675,0.0009389671361502347,0.007407407407407408
la,2,0,85,5325,675,0.01596244131455399,0.1259259259259259
la,2,1,74,5325,675,0.013896713615023475,0.10962962962962963
la,2,3,91,5325,675,0.017089201877934272,0.1348148148148148
la,2,4,87,5325,675,0.016338028169014085,0.1288888888888889
la,2,5,39,5325,675,0.007323943661971831,0.057777777777777775
la,2,6,45,5325,675,0.008450704225352112,0.06666666666666667
la,2,7,47,5325,675,0.008826291079812207,0.06962962962962962
la,2,8,52,5325,675,0.009765258215962441,0.07703703703703704
la,2,9,45,5325,675,0.008450704225352112,0.06666666666666667
la,2,10,2,5325,675,0.0003755868544600939,0.002962962962962963
la,2,11,2,5325,675,0.0003755868544600939,0.002962962962962963
la,2,12,4,5325,675,0.0007511737089201878,0.005925925925925926
la,2,13,10,5325,675,0.0018779342723004694,0.014814814814814815
la,2,14,9,5325,675,0.0016901408450704226,0.013333333333333334
la,3,0,65,5325,675,0.012206572769953052,0.0962962962962963
la,3,1,95,5325,675,0.01784037558685446,0.14074074074074075
la,3,2,106,5325,675,0.019906103286384976,0.15703703703703703
la,3,4,84,5325,675,0.015774647887323943,0.12444444444444444
la,3,5,48,5325,675,0.009014084507042254,0.07111111111111111
la,3,6,47,5325,675,0.008826291079812207,0.06962962962962962
la,3,7,49,5325,675,0.0092018779342723,0.0725925925925926
la,3,8,30,5325,675,0.005633802816901409,0.044444444444444446
la,3,9,41,5325,675,0.007699530516431925,0.06074074074074074
la,3,10,8,5325,675,0.0015023474178403756,0.011851851851851851
la,3,11,1,5325,675,0.00018779342723004695,0.0014814814814814814
la,3,12,5,5325,675,0.0009389671361502347,0.007407407407407408
la,3,13,7,5325,675,0.0013145539906103286,0.01037037037037037
la,3,14,5,5325,675,0.0009389671361502347,0.007407407407407408
la,4,0,89,5325,675,0.01671361502347418,0.13185185185185186
la,4,1,56,5325,675,0.010516431924882629,0.08296296296296296
la,4,2,81,5325,675,0.015211267605633802,0.12
la,4,3,105,5325,675,0.01971830985915493,0.15555555555555556
la,4,5,41,5325,675,0.007699530516431925,0.06074074074074074
la,4,6,63,5325,675,0.011830985915492958,0.09333333333333334
la,4,7,53,5325,675,0.009953051643192488,0.07851851851851852
la,4,8,32,5325,675,0.006009389671361502,0.047407407407407405
la,4,9,32,5325,675,0.006009389671361502,0.047407407407407405
la,4,10,4,5325,675,0.0007511737089201878,0.005925925925925926
la,4,11,3,5325,675,0.0005633802816901409,0.0044444444444444444
la,4,12,10,5325,675,0.0018779342723004694,0.014814814814814815
la,4,13,8,5325,675,0.0015023474178403756,0.011851851851851851
la,4,14,6,5325,675,0.0011267605633802818,0.008888888888888889
la,5,0,38,5325,675,0.007136150234741784,0.056296296296296296
la,5,1,40,5325,675,0.007511737089201878,0.05925925925925926
la,5,2,42,5325,675,0.007887323943661971,0.06222222222222222
la,5,3,56,5325,675,0.010516431924882629,0.08296296296296296
la,5,4,51,5325,675,0.009577464788732394,0.07555555555555556
la,5,6,43,5325,675,0.008075117370892018,0.0637037037037037
la,5,7,22,5325,675,0.0041314553990610325,0.03259259259259259
la,5,8,31,5325,675,0.0058215962441314556,0.045925925925925926
la,5,9,58,5325,675,0.010892018779342722,0.08592592592592592
la,5,10,4,5325,675,0.0007511737089201878,0.005925925925925926
la,5,11,11,5325,675,0.0020657276995305163,0.016296296296296295
la,5,12,5,5325,675,0.0009389671361502347,0.007407407407407408
la,5,13,2,5325,675,0.0003755868544600939,0.002962962962962963
la,5,14,4,5325,675,0.0007511737089201878,0.005925925925925926
la,6,0,40,5325,675,0.007511737089201878,0.05925925925925926
la,6,1,47,5325,675,0.008826291079812207,0.06962962962962962
la,6,2,33,5325,675,0.006197183098591549,0.04888888888888889
la,6,3,47,5325,675,0.008826291079812207,0.06962962962962962
la,6,4,44,5325,675,0.008262910798122065,0.06518518518518518
la,6,5,48,5325,675,0.009014084507042254,0.07111111111111111
la,6,7,50,5325,675,0.009389671361502348,0.07407407407407407
la,6,8,28,5325,675,0.005258215962441314,0.04148148148148148
la,6,9,50,5325,675,0.009389671361502348,0.07407407407407407
la,6,10,5,5325,675,0.0009389671361502347,0.007407407407407408
la,6,11,6,5325,675,0.0011267605633802818,0.008888888888888889
la,6,12,4,5325,675,0.0007511737089201878,0.005925925925925926
la,6,13,1,5325,675,0.00018779342723004695,0.0014814814814814814
la,6,14,7,5325,675,0.0013145539906103286,0.01037037037037037
la,7,0,48,5325,675,0.009014084507042254,0.07111111111111111
la,7,1,40,5325,675,0.007511737089201878,0.05925925925925926
la,7,2,39,5325,675,0.007323943661971831,0.057777777777777775
la,7,3,29,5325,675,0.005446009389671361,0.04296296296296296
la,7,4,38,5325,675,0.007136150234741784,0.056296296296296296
la,7,5,38,5325,675,0.007136150234741784,0.056296296296296296
la,7,6,35,5325,675,0.006572769953051643,0.05185185185185185
la,7,8,69,5325,675,0.012957746478873239,0.10222222222222223
la,7,9,37,5325,675,0.006948356807511737,0.054814814814814816
la,7,10,5,5325,675,0.0009389671361502347,0.007407407407407408
la,7,11,4,5325,675,0.0007511737089201878,0.005925925925925926
la,7,12,4,5325,675,0.0007511737089201878,0.005925925925925926
la,7,13,7,5325,675,0.0013145539906103286,0.01037037037037037
la,7,14,6,5325,675,0.0011267605633802818,0.008888888888888889
la,8,0,45,5325,675,0.008450704225352112,0.06666666666666667
la,8,1,46,5325,675,0.00863849765258216,0.06814814814814815
la,8,2,44,5325,675,0.008262910798122065,0.06518518518518518
la,8,3,34,5325,675,0.006384976525821596,0.05037037037037037
la,8,4,39,5325,675,0.007323943661971831,0.057777777777777775
la,8,5,49,5325,675,0.0092018779342723,0.0725925925925926
la,8,6,50,5325,675,0.009389671361502348,0.07407407407407407
la,8,7,44,5325,675,0.008262910798122065,0.06518518518518518
la,8,9,47,5325,675,0.008826291079812207,0.06962962962962962
la,8,10,2,5325,675,0.0003755868544600939,0.002962962962962963
la,8,11,8,5325,675,0.0015023474178403756,0.011851851851851851
la,8,12,1,5325,675,0.00018779342723004695,0.0014814814814814814
la,8,13,4,5325,675,0.0007511737089201878,0.005925925925925926
la,8,14,4,5325,675,0.0007511737089201878,0.005925925925925926
la,9,0,53,5325,675,0.009953051643192488,0.07851851851851852
la,9,1,58,5325,675,0.010892018779342722,0.08592592592592592
la,9,2,34,5325,675,0.006384976525821596,0.05037037037037037
la,9,3,34,5325,675,0.006384976525821596,0.05037037037037037
la,9,4,44,5325,675,0.008262910798122065,0.06518518518518518
la,9,5,47,5325,675,0.008826291079812207,0.06962962962962962
la,9,6,32,5325,675,0.006009389671361502,0.047407407407407405
la,9,7,38,5325,675,0.007136150234741784,0.056296296296296296
la,9,8,52,5325,675,0.009765258215962441,0.07703703703703704
la,9,10,7,5325,675,0.0013145539906103286,0.01037037037037037
la,9,11,5,5325,675,0.0009389671361502347,0.007407407407407408
la,9,12,3,5325,675,0.0005633802816901409,0.0044444444444444444
la,9,13,1,5325,675,0.00018779342723004695,0.0014814814814814814
la,9,14,7,5325,675,0.0013145539906103286,0.01037037037037037
la,10,0,6,5325,675,0.0011267605633802818,0.008888888888888889
la,10,1,5,5325,675,0.0009389671361502347,0.007407407407407408
la,10,2,6,5325,675,0.0011267605633802818,0.008888888888888889
la,10,3,4,5325,675,0.0007511737089201878,0.005925925925925926
la,10,4,5,5325,675,0.0009389671361502347,0.007407407407407408
la,10,5,6,5325,675,0.0011267605633802818,0.008888888888888889
la,10,6,4,5325,675,0.0007511737089201878,0.005925925925925926
la,10,7,4,5325,675,0.0007511737089201878,0.005925925925925926
la,10,8,2,5325,675,0.0003755868544600939,0.002962962962962963
la,10,9,6,5325,675,0.0011267605633802818,0.008888888888888889
la,10,11,3,5325,675,0.0005633802816901409,0.0044444444444444444
la,10,12,13,5325,675,0.0024413145539906103,0.01925925925925926
la,10,13,7,5325,675,0.0013145539906103286,0.01037037037037037
la,10,14,3,5325,675,0.0005633802816901409,0.0044444444444444444
la,11,0,4,5325,675,0.0007511737089201878,0.005925925925925926
la,11,1,4,5325,675,0.0007511737089201878,0.005925925925925926
la,11,2,5,5325,675,0.0009389671361502347,0.007407407407407408
la,11,3,4,5325,675,0.0007511737089201878,0.005925925925925926
la,11,4,6,5325,675,0.0011267605633802818,0.008888888888888889
la,11,5,6,5325,675,0.0011267605633802818,0.008888888888888889
la,11,6,7,5325,675,0.0013145539906103286,0.01037037037037037
la,11,7,6,5325,675,0.0011267605633802818,0.008888888888888889
la,11,8,3,5325,675,0.0005633802816901409,0.0044444444444444444
la,11,9,3,5325,675,0.0005633802816901409,0.0044444444444444444
la,11,10,5,5325,675,0.0009389671361502347,0.007407407407407408
la,11,12,5,5325,675,0.0009389671361502347,0.007407407407407408
la,11,13,5,5325,675,0.0009389671361502347,0.007407407407407408
la,11,14,6,5325,675,0.0011267605633802818,0.008888888888888889
la,12,0,12,5325,675,0.0022535211267605635,0.017777777777777778
la,12,1,7,5325,675,0.0013145539906103286,0.01037037037037037
la,12,2,6,5325,675,0.0011267605633802818,0.008888888888888889
la,12,3,1,5325,675,0.00018779342723004695,0.0014814814814814814
la,12,4,3,5325,675,0.0005633802816901409,0.0044444444444444444
la,12,5,2,5325,675,0.0003755868544600939,0.002962962962962963
la,12,6,5,5325,675,0.0009389671361502347,0.007407407407407408
la,12,7,1,5325,675,0.00018779342723004695,0.0014814814814814814
la,12,8,8,5325,675,0.0015023474178403756,0.011851851851851851
la,12,9,5,5325,675,0.0009389671361502347,0.007407407407407408
la,12,10,1,5325,675,0.00018779342723004695,0.0014814814814814814
la,12,11,10,5325,675,0.0018779342723004694,0.014814814814814815
la,12,13,7,5325,675,0.0013145539906103286,0.01037037037037037
la,12,14,3,5325,675,0.0005633802816901409,0.0044444444444444444
la,13,0,3,5325,675,0.0005633802816901409,0.0044444444444444444
la,13,1,6,5325,675,0.0011267605633802818,0.008888888888888889
la,13,2,5,5325,675,0.0009389671361502347,0.007407407407407408
la,13,3,7,5325,675,0.0013145539906103286,0.01037037037037037
la,13,4,6,5325,675,0.0011267605633802818,0.008888888888888889
la,13,5,4,5325,675,0.0007511737089201878,0.005925925925925926
la,13,6,7,5325,675,0.0013145539906103286,0.01037037037037037
la,13,7,3,5325,675,0.0005633802816901409,0.0044444444444444444
la,13,8,7,5325,675,0.0013145539906103286,0.01037037037037037
la,13,9,4,5325,675,0.0007511737089201878,0.005925925925925926
la,13,10,6,5325,675,0.0011267605633802818,0.008888888888888889
la,13,11,5,5325,675,0.0009389671361502347,0.007407407407407408
la,13,12,7,5325,675,0.0013145539906103286,0.01037037037037037
la,13,14,2,5325,675,0.0003755868544600939,0.002962962962962963
la,14,0,5,5325,675,0.0009389671361502347,0.007407407407407408
la,14,1,3,5325,675,0.0005633802816901409,0.0044444444444444444
la,14,2,3,5325,675,0.0005633802816901409,0.0044444444444444444
la,14,3,10,5325,675,0.0018779342723004694,0.014814814814814815
la,14,4,3,5325,675,0.0005633802816901409,0.0044444444444444444
la,14,5,5,5325,675,0.0009389671361502347,0.007407407407407408
la,14,6,2,5325,675,0.0003755868544600939,0.002962962962962963
la,14,7,5,5325,675,0.0009389671361502347,0.007407407407407408
la,14,8,7,5325,675,0.0013145539906103286,0.01037037037037037
la,14,9,5,5325,675,0.0009389671361502347,0.007407407407407408
la,14,10,10,5325,675,0.0018779342723004694,0.014814814814814815
la,14,11,3,5325,675,0.0005633802816901409,0.0044444444444444444
la,14,12,4,5325,675,0.0007511737089201878,0.005925925925925926
la,14,13,5,5325,675,0.0009389671361502347,0.007407407407407408
orb,0,1,30,900,100,0.03333333333333333,0.3
orb,0,2,6,900,100,0.006666666666666667,0.06
orb,0,3,14,900,100,0.015555555555555555,0.14
orb,0,4,8,900,100,0.008888888888888889,0.08
orb,0,5,4,900,100,0.0044444444444444444,0.04
orb,0,6,8,900,100,0.008888888888888889,0.08
orb,0,7,8,900,100,0.008888888888888889,0.08
orb,0,8,4,900,100,0.0044444444444444444,0.04
orb,0,9,6,900,100,0.006666666666666667,0.06
orb,1,0,20,900,100,0.022222222222222223,0.2
orb,1,2,18,900,100,0.02,0.18
orb,1,3,8,900,100,0.008888888888888889,0.08
orb,1,4,10,900,100,0.011111111111111112,0.1
orb,1,5,18,900,100,0.02,0.18
orb,1,6,4,900,100,0.0044444444444444444,0.04
orb,1,7,2,900,100,0.0022222222222222222,0.02
orb,1,8,4,900,100,0.0044444444444444444,0.04
orb,1,9,4,900,100,0.0044444444444444444,0.04
orb,2,0,4,900,100,0.0044444444444444444,0.04
orb,2,1,24,900,100,0.02666666666666667,0.24
orb,2,3,26,900,100,0.028888888888888888,0.26
orb,2,4,14,900,100,0.015555555555555555,0.14
orb,2,5,4,900,100,0.0044444444444444444,0.04
orb,2,6,12,900,100,0.013333333333333334,0.12
orb,2,7,2,900,100,0.0022222222222222222,0.02
orb,2,8,6,900,100,0.006666666666666667,0.06
orb,2,9,6,900,100,0.006666666666666667,0.06
orb,3,0,4,900,100,0.0044444444444444444,0.04
orb,3,1,8,900,100,0.008888888888888889,0.08
orb,3,2,20,900,100,0.022222222222222223,0.2
orb,3,4,26,900,100,0.028888888888888888,0.26
orb,3,5,8,900,100,0.008888888888888889,0.08
orb,3,6,12,900,100,0.013333333333333334,0.12
orb,3,7,6,900,100,0.006666666666666667,0.06
orb,3,8,10,900,100,0.011111111111111112,0.1
orb,3,9,4,900,100,0.0044444444444444444,0.04
orb,4,0,8,900,100,0.008888888888888889,0.08
orb,4,1,14,900,100,0.015555555555555555,0.14
orb,4,2,4,900,100,0.0044444444444444444,0.04
orb,4,3,14,900,100,0.015555555555555555,0.14
orb,4,5,20,900,100,0.022222222222222223,0.2
orb,4,6,12,900,100,0.013333333333333334,0.12
orb,4,7,12,900,100,0.013333333333333334,0.12
orb,4,8,4,900,100,0.0044444444444444444,0.04
orb,4,9,6,900,100,0.006666666666666667,0.06
orb,5,0,6,900,100,0.006666666666666667,0.06
orb,5,1,2,900,100,0.0022222222222222222,0.02
orb,5,2,12,900,100,0.013333333333333334,0.12
orb,5,3,14,900,100,0.015555555555555555,0.14
orb,5,4,10,900,100,0.011111111111111112,0.1
orb,5,6,14,900,100,0.015555555555555555,0.14
orb,5,7,10,900,100,0.011111111111111112,0.1
orb,5,8,12,900,100,0.013333333333333334,0.12
orb,5,9,12,900,100,0.013333333333333334,0.12
orb,6,0,0,900,100,0.0,0.0
orb,6,1,8,900,100,0.008888888888888889,0.08
orb,6,2,6,900,100,0.006666666666666667,0.06
orb,6,3,6,900,100,0.006666666666666667,0.06
orb,6,4,10,900,100,0.011111111111111112,0.1
orb,6,5,14,900,100,0.015555555555555555,0.14
orb,6,7,34,900,100,0.03777777777777778,0.34
orb,6,8,8,900,100,0.008888888888888889,0.08
orb,6,9,6,900,100,0.006666666666666667,0.06
orb,7,0,2,900,100,0.0022222222222222222,0.02
orb,7,1,0,900,100,0.0,0.0
orb,7,2,4,900,100,0.0044444444444444444,0.04
orb,7,3,2,900,100,0.0022222222222222222,0.02
orb,7,4,10,900,100,0.011111111111111112,0.1
orb,7,5,20,900,100,0.022222222222222223,0.2
orb,7,6,16,900,100,0.017777777777777778,0.16
orb,7,8,26,900,100,0.028888888888888888,0.26
orb,7,9,14,900,100,0.015555555555555555,0.14
orb,8,0,2,900,100,0.0022222222222222222,0.02
orb,8,1,0,900,100,0.0,0.0
orb,8,2,8,900,100,0.008888888888888889,0.08
orb,8,3,10,900,100,0.011111111111111112,0.1
orb,8,4,4,900,100,0.0044444444444444444,0.04
orb,8,5,4,900,100,0.0044444444444444444,0.04
orb,8,6,6,900,100,0.006666666666666667,0.06
orb,8,7,16,900,100,0.017777777777777778,0.16
orb,8,9,32,900,100,0.035555555555555556,0.32
orb,9,0,2,900,100,0.0022222222222222222,0.02
orb,9,1,2,900,100,0.0022222222222222222,0.02
orb,9,2,6,900,100,0.006666666666666667,0.06
orb,9,3,6,900,100,0.006666666666666667,0.06
orb,9,4,2,900,100,0.0022222222222222222,0.02
orb,9,5,8,900,100,0.008888888888888889,0.08
orb,9,6,16,900,100,0.017777777777777778,0.16
orb,9,7,10,900,100,0.011111111111111112,0.1
orb,9,8,22,900,100,0.024444444444444446,0.22
swv,0,1,110,6800,700,0.016176470588235296,0.15714285714285714
swv,0,2,119,6800,700,0.0175,0.17
swv,0,3,127,6800,700,0.018676470588235294,0.18142857142857144
swv,0,4,106,6800,700,0.015588235294117648,0.15142857142857144
swv,0,5,43,6800,700,0.006323529411764706,0.06142857142857143
swv,0,6,38,6800,700,0.005588235294117647,0.054285714285714284
swv,0,7,36,6800,700,0.005294117647058823,0.05142857142857143
swv,0,8,43,6800,700,0.006323529411764706,0.06142857142857143
swv,0,9,43,6800,700,0.006323529411764706,0.06142857142857143
swv,0,10,2,6800,700,0.0002941176470588235,0.002857142857142857
swv,0,11,1,6800,700,0.00014705882352941175,0.0014285714285714286
swv,0,12,1,6800,700,0.00014705882352941175,0.0014285714285714286
swv,0,13,2,6800,700,0.0002941176470588235,0.002857142857142857
swv,0,14,1,6800,700,0.00014705882352941175,0.0014285714285714286
swv,1,0,112,6800,700,0.01647058823529412,0.16
swv,1,2,110,6800,700,0.016176470588235296,0.15714285714285714
swv,1,3,90,6800,700,0.013235294117647059,0.12857142857142856
swv,1,4,114,6800,700,0.016764705882352942,0.16285714285714287
swv,1,5,62,6800,700,0.009117647058823529,0.08857142857142856
swv,1,6,47,6800,700,0.006911764705882353,0.06714285714285714
swv,1,7,50,6800,700,0.007352941176470588,0.07142857142857142
swv,1,8,42,6800,700,0.006176470588235294,0.06
swv,1,9,43,6800,700,0.006323529411764706,0.06142857142857143
swv,1,10,2,6800,700,0.0002941176470588235,0.002857142857142857
swv,1,11,1,6800,700,0.00014705882352941175,0.0014285714285714286
swv,1,12,2,6800,700,0.0002941176470588235,0.002857142857142857
swv,1,13,2,6800,700,0.0002941176470588235,0.002857142857142857
swv,1,14,1,6800,700,0.00014705882352941175,0.0014285714285714286
swv,2,0,125,6800,700,0.01838235294117647,0.17857142857142858
swv,2,1,129,6800,700,0.018970588235294118,0.18428571428571427
swv,2,3,100,6800,700,0.014705882352941176,0.14285714285714285
swv,2,4,83,6800,700,0.012205882352941176,0.11857142857142858
swv,2,5,55,6800,700,0.008088235294117648,0.07857142857142857
swv,2,6,55,6800,700,0.008088235294117648,0.07857142857142857
swv,2,7,39,6800,700,0.005735294117647059,0.055714285714285716
swv,2,8,37,6800,700,0.005441176470588235,0.05285714285714286
swv,2,9,47,6800,700,0.006911764705882353,0.06714285714285714
swv,2,10,1,6800,700,0.00014705882352941175,0.0014285714285714286
swv,2,11,0,6800,700,0.0,0.0
swv,2,12,2,6800,700,0.0002941176470588235,0.002857142857142857
swv,2,13,0,6800,700,0.0,0.0
swv,2,14,3,6800,700,0.0004411764705882353,0.004285714285714286
swv,3,0,96,6800,700,0.01411764705882353,0.13714285714285715
swv,3,1,117,6800,700,0.017205882352941175,0.16714285714285715
swv,3,2,123,6800,700,0.018088235294117648,0.1757142857142857
swv,3,4,103,6800,700,0.015147058823529411,0.14714285714285713
swv,3,5,51,6800,700,0.0075,0.07285714285714286
swv,3,6,57,6800,700,0.008382352941176471,0.08142857142857143
swv,3,7,37,6800,700,0.005441176470588235,0.05285714285714286
swv,3,8,47,6800,700,0.006911764705882353,0.06714285714285714
swv,3,9,36,6800,700,0.005294117647058823,0.05142857142857143
swv,3,10,4,6800,700,0.000588235294117647,0.005714285714285714
swv,3,11,0,6800,700,0.0,0.0
swv,3,12,0,6800,700,0.0,0.0
swv,3,13,2,6800,700,0.0002941176470588235,0.002857142857142857
swv,3,14,3,6800,700,0.0004411764705882353,0.004285714285714286
swv,4,0,101,6800,700,0.014852941176470588,0.1442857142857143
swv,4,1,108,6800,700,0.01588235294117647,0.15428571428571428
swv,4,2,101,6800,700,0.014852941176470588,0.1442857142857143
swv,4,3,121,6800,700,0.017794117647058825,0.17285714285714285
swv,4,5,46,6800,700,0.006764705882352941,0.06571428571428571
swv,4,6,49,6800,700,0.0072058823529411765,0.07
swv,4,7,46,6800,700,0.006764705882352941,0.06571428571428571
swv,4,8,53,6800,700,0.007794117647058824,0.07571428571428572
swv,4,9,35,6800,700,0.005147058823529412,0.05
swv,4,10,1,6800,700,0.00014705882352941175,0.0014285714285714286
swv,4,11,1,6800,700,0.00014705882352941175,0.0014285714285714286
swv,4,12,2,6800,700,0.0002941176470588235,0.002857142857142857
swv,4,13,3,6800,700,0.0004411764705882353,0.004285714285714286
swv,4,14,3,6800,700,0.0004411764705882353,0.004285714285714286
swv,5,0,46,6800,700,0.006764705882352941,0.06571428571428571
swv,5,1,34,6800,700,0.005,0.04857142857142857
swv,5,2,31,6800,700,0.0045588235294117645,0.04428571428571428
swv,5,3,36,6800,700,0.005294117647058823,0.05142857142857143
swv,5,4,43,6800,700,0.006323529411764706,0.06142857142857143
swv,5,6,108,6800,700,0.01588235294117647,0.15428571428571428
swv,5,7,107,6800,700,0.01573529411764706,0.15285714285714286
swv,5,8,110,6800,700,0.016176470588235296,0.15714285714285714
swv,5,9,88,6800,700,0.012941176470588235,0.12571428571428572
swv,5,10,2,6800,700,0.0002941176470588235,0.002857142857142857
swv,5,11,2,6800,700,0.0002941176470588235,0.002857142857142857
swv,5,12,2,6800,700,0.0002941176470588235,0.002857142857142857
swv,5,13,3,6800,700,0.0004411764705882353,0.004285714285714286
swv,5,14,4,6800,700,0.000588235294117647,0.005714285714285714
swv,6,0,36,6800,700,0.005294117647058823,0.05142857142857143
swv,6,1,42,6800,700,0.006176470588235294,0.06
swv,6,2,40,6800,700,0.0058823529411764705,0.05714285714285714
swv,6,3,40,6800,700,0.0058823529411764705,0.05714285714285714
swv,6,4,40,6800,700,0.0058823529411764705,0.05714285714285714
swv,6,5,111,6800,700,0.016323529411764705,0.15857142857142856
swv,6,7,85,6800,700,0.0125,0.12142857142857143
swv,6,8,100,6800,700,0.014705882352941176,0.14285714285714285
swv,6,9,99,6800,700,0.014558823529411765,0.14142857142857143
swv,6,10,1,6800,700,0.00014705882352941175,0.0014285714285714286
swv,6,11,0,6800,700,0.0,0.0
swv,6,12,1,6800,700,0.00014705882352941175,0.0014285714285714286
swv,6,13,1,6800,700,0.00014705882352941175,0.0014285714285714286
swv,6,14,2,6800,700,0.0002941176470588235,0.002857142857142857
swv,7,0,31,6800,700,0.0045588235294117645,0.04428571428571428
swv,7,1,23,6800,700,0.0033823529411764705,0.032857142857142856
swv,7,2,23,6800,700,0.0033823529411764705,0.032857142857142856
swv,7,3,28,6800,700,0.00411764705882353,0.04
swv,7,4,26,6800,700,0.003823529411764706,0.037142857142857144
swv,7,5,101,6800,700,0.014852941176470588,0.1442857142857143
swv,7,6,107,6800,700,0.01573529411764706,0.15285714285714286
swv,7,8,94,6800,700,0.013823529411764707,0.13428571428571429
swv,7,9,109,6800,700,0.016029411764705882,0.15571428571428572
swv,7,10,9,6800,700,0.0013235294117647058,0.012857142857142857
swv,7,11,12,6800,700,0.0017647058823529412,0.017142857142857144
swv,7,12,13,6800,700,0.001911764705882353,0.018571428571428572
swv,7,13,12,6800,700,0.0017647058823529412,0.017142857142857144
swv,7,14,15,6800,700,0.0022058823529411764,0.02142857142857143
swv,8,0,26,6800,700,0.003823529411764706,0.037142857142857144
swv,8,1,21,6800,700,0.003088235294117647,0.03
swv,8,2,22,6800,700,0.003235294117647059,0.03142857142857143
swv,8,3,16,6800,700,0.002352941176470588,0.022857142857142857
swv,8,4,33,6800,700,0.0048529411764705885,0.047142857142857146
swv,8,5,97,6800,700,0.014264705882352941,0.13857142857142857
swv,8,6,100,6800,700,0.014705882352941176,0.14285714285714285
swv,8,7,97,6800,700,0.014264705882352941,0.13857142857142857
swv,8,9,110,6800,700,0.016176470588235296,0.15714285714285714
swv,8,10,9,6800,700,0.0013235294117647058,0.012857142857142857
swv,8,11,12,6800,700,0.0017647058823529412,0.017142857142857144
swv,8,12,16,6800,700,0.002352941176470588,0.022857142857142857
swv,8,13,10,6800,700,0.0014705882352941176,0.014285714285714285
swv,8,14,17,6800,700,0.0025,0.024285714285714285
swv,9,0,27,6800,700,0.003970588235294117,0.03857142857142857
swv,9,1,19,6800,700,0.0027941176470588237,0.027142857142857142
swv,9,2,22,6800,700,0.003235294117647059,0.03142857142857143
swv,9,3,31,6800,700,0.0045588235294117645,0.04428571428571428
swv,9,4,32,6800,700,0.004705882352941176,0.045714285714285714
swv,9,5,97,6800,700,0.014264705882352941,0.13857142857142857
swv,9,6,93,6800,700,0.013676470588235293,0.13285714285714287
swv,9,7,114,6800,700,0.016764705882352942,0.16285714285714287
swv,9,8,95,6800,700,0.013970588235294118,0.1357142857142857
swv,9,10,11,6800,700,0.0016176470588235294,0.015714285714285715
swv,9,11,16,6800,700,0.002352941176470588,0.022857142857142857
swv,9,12,12,6800,700,0.0017647058823529412,0.017142857142857144
swv,9,13,10,6800,700,0.0014705882352941176,0.014285714285714285
swv,9,14,9,6800,700,0.0013235294117647058,0.012857142857142857
swv,10,0,0,6800,700,0.0,0.0
swv,10,1,0,6800,700,0.0,0.0
swv,10,2,0,6800,700,0.0,0.0
swv,10,3,0,6800,700,0.0,0.0
swv,10,4,0,6800,700,0.0,0.0
swv,10,5,0,6800,700,0.0,0.0
swv,10,6,0,6800,700,0.0,0.0
swv,10,7,11,6800,700,0.0016176470588235294,0.015714285714285715
swv,10,8,15,6800,700,0.0022058823529411764,0.02142857142857143
swv,10,9,9,6800,700,0.0013235294117647058,0.012857142857142857
swv,10,11,16,6800,700,0.002352941176470588,0.022857142857142857
swv,10,12,10,6800,700,0.0014705882352941176,0.014285714285714285
swv,10,13,21,6800,700,0.003088235294117647,0.03
swv,10,14,5,6800,700,0.0007352941176470588,0.007142857142857143
swv,11,0,0,6800,700,0.0,0.0
swv,11,1,0,6800,700,0.0,0.0
swv,11,2,0,6800,700,0.0,0.0
swv,11,3,0,6800,700,0.0,0.0
swv,11,4,0,6800,700,0.0,0.0
swv,11,5,0,6800,700,0.0,0.0
swv,11,6,0,6800,700,0.0,0.0
swv,11,7,15,6800,700,0.0022058823529411764,0.02142857142857143
swv,11,8,16,6800,700,0.002352941176470588,0.022857142857142857
swv,11,9,8,6800,700,0.001176470588235294,0.011428571428571429
swv,11,10,16,6800,700,0.002352941176470588,0.022857142857142857
swv,11,12,11,6800,700,0.0016176470588235294,0.015714285714285715
swv,11,13,9,6800,700,0.0013235294117647058,0.012857142857142857
swv,11,14,10,6800,700,0.0014705882352941176,0.014285714285714285
swv,12,0,0,6800,700,0.0,0.0
swv,12,1,0,6800,700,0.0,0.0
swv,12,2,0,6800,700,0.0,0.0
swv,12,3,0,6800,700,0.0,0.0
swv,12,4,0,6800,700,0.0,0.0
swv,12,5,0,6800,700,0.0,0.0
swv,12,6,0,6800,700,0.0,0.0
swv,12,7,14,6800,700,0.002058823529411765,0.02
swv,12,8,14,6800,700,0.002058823529411765,0.02
swv,12,9,11,6800,700,0.0016176470588235294,0.015714285714285715
swv,12,10,10,6800,700,0.0014705882352941176,0.014285714285714285
swv,12,11,10,6800,700,0.0014705882352941176,0.014285714285714285
swv,12,13,11,6800,700,0.0016176470588235294,0.015714285714285715
swv,12,14,17,6800,700,0.0025,0.024285714285714285
swv,13,0,0,6800,700,0.0,0.0
swv,13,1,0,6800,700,0.0,0.0
swv,13,2,0,6800,700,0.0,0.0
swv,13,3,0,6800,700,0.0,0.0
swv,13,4,0,6800,700,0.0,0.0
swv,13,5,0,6800,700,0.0,0.0
swv,13,6,0,6800,700,0.0,0.0
swv,13,7,9,6800,700,0.0013235294117647058,0.012857142857142857
swv,13,8,5,6800,700,0.0007352941176470588,0.007142857142857143
swv,13,9,18,6800,700,0.0026470588235294116,0.025714285714285714
swv,13,10,19,6800,700,0.0027941176470588237,0.027142857142857142
swv,13,11,15,6800,700,0.0022058823529411764,0.02142857142857143
swv,13,12,14,6800,700,0.002058823529411765,0.02
swv,13,14,10,6800,700,0.0014705882352941176,0.014285714285714285
swv,14,0,0,6800,700,0.0,0.0
swv,14,1,0,6800,700,0.0,0.0
swv,14,2,0,6800,700,0.0,0.0
swv,14,3,0,6800,700,0.0,0.0
swv,14,4,0,6800,700,0.0,0.0
swv,14,5,0,6800,700,0.0,0.0
swv,14,6,0,6800,700,0.0,0.0
swv,14,7,11,6800,700,0.0016176470588235294,0.015714285714285715
swv,14,8,10,6800,700,0.0014705882352941176,0.014285714285714285
swv,14,9,12,6800,700,0.0017647058823529412,0.017142857142857144
swv,14,10,13,6800,700,0.001911764705882353,0.018571428571428572
swv,14,11,14,6800,700,0.002058823529411765,0.02
swv,14,12,14,6800,700,0.002058823529411765,0.02
swv,14,13,14,6800,700,0.002058823529411765,0.02
ta,0,1,169,54100,3150,0.003123844731977819,0.05365079365079365
ta,0,2,162,54100,3150,0.0029944547134935304,0.05142857142857143
ta,0,3,185,54100,3150,0.0034195933456561923,0.05873015873015873
ta,0,4,175,54100,3150,0.003234750462107209,0.05555555555555555
ta,0,5,198,54100,3150,0.0036598890942698705,0.06285714285714286
ta,0,6,166,54100,3150,0.003068391866913124,0.052698412698412696
ta,0,7,186,54100,3150,0.0034380776340110905,0.05904761904761905
ta,0,8,167,54100,3150,0.003086876155268022,0.053015873015873016
ta,0,9,196,54100,3150,0.0036229205175600738,0.06222222222222222
ta,0,10,171,54100,3150,0.0031608133086876156,0.054285714285714284
ta,0,11,175,54100,3150,0.003234750462107209,0.05555555555555555
ta,0,12,185,54100,3150,0.0034195933456561923,0.05873015873015873
ta,0,13,183,54100,3150,0.0033826247689463956,0.058095238095238096
ta,0,14,183,54100,3150,0.0033826247689463956,0.058095238095238096
ta,0,15,85,54100,3150,0.0015711645101663585,0.026984126984126985
ta,0,16,91,54100,3150,0.0016820702402957487,0.028888888888888888
ta,0,17,98,54100,3150,0.0018114602587800369,0.03111111111111111
ta,0,18,98,54100,3150,0.0018114602587800369,0.03111111111111111
ta,0,19,95,54100,3150,0.001756007393715342,0.03015873015873016
ta,1,0,200,54100,3150,0.0036968576709796672,0.06349206349206349
ta,1,2,189,54100,3150,0.0034935304990757854,0.06
ta,1,3,197,54100,3150,0.0036414048059149723,0.06253968253968253
ta,1,4,199,54100,3150,0.003678373382624769,0.06317460317460317
ta,1,5,162,54100,3150,0.0029944547134935304,0.05142857142857143
ta,1,6,190,54100,3150,0.003512014787430684,0.06031746031746032
ta,1,7,176,54100,3150,0.003253234750462107,0.05587301587301587
ta,1,8,165,54100,3150,0.0030499075785582253,0.05238095238095238
ta,1,9,168,54100,3150,0.0031053604436229207,0.05333333333333334
ta,1,10,186,54100,3150,0.0034380776340110905,0.05904761904761905
ta,1,11,173,54100,3150,0.0031977818853974123,0.05492063492063492
ta,1,12,151,54100,3150,0.002791127541589649,0.04793650793650794
ta,1,13,175,54100,3150,0.003234750462107209,0.05555555555555555
ta,1,14,173,54100,3150,0.0031977818853974123,0.05492063492063492
ta,1,15,95,54100,3150,0.001756007393715342,0.03015873015873016
ta,1,16,95,54100,3150,0.001756007393715342,0.03015873015873016
ta,1,17,110,54100,3150,0.002033271719038817,0.03492063492063492
ta,1,18,84,54100,3150,0.0015526802218114603,0.02666666666666667
ta,1,19,95,54100,3150,0.001756007393715342,0.03015873015873016
ta,2,0,182,54100,3150,0.0033641404805914974,0.057777777777777775
ta,2,1,167,54100,3150,0.003086876155268022,0.053015873015873016
ta,2,3,193,54100,3150,0.003567467652495379,0.06126984126984127
ta,2,4,166,54100,3150,0.003068391866913124,0.052698412698412696
ta,2,5,166,54100,3150,0.003068391866913124,0.052698412698412696
ta,2,6,167,54100,3150,0.003086876155268022,0.053015873015873016
ta,2,7,177,54100,3150,0.0032717190388170054,0.05619047619047619
ta,2,8,166,54100,3150,0.003068391866913124,0.052698412698412696
ta,2,9,182,54100,3150,0.0033641404805914974,0.057777777777777775
ta,2,10,167,54100,3150,0.003086876155268022,0.053015873015873016
ta,2,11,182,54100,3150,0.0033641404805914974,0.057777777777777775
ta,2,12,172,54100,3150,0.0031792975970425137,0.054603174603174605
ta,2,13,173,54100,3150,0.0031977818853974123,0.05492063492063492
ta,2,14,199,54100,3150,0.003678373382624769,0.06317460317460317
ta,2,15,115,54100,3150,0.0021256931608133085,0.03650793650793651
ta,2,16,92,54100,3150,0.0017005545286506469,0.029206349206349208
ta,2,17,83,54100,3150,0.001534195933456562,0.026349206349206348
ta,2,18,110,54100,3150,0.002033271719038817,0.03492063492063492
ta,2,19,115,54100,3150,0.0021256931608133085,0.03650793650793651
ta,3,0,164,54100,3150,0.003031423290203327,0.05206349206349206
ta,3,1,174,54100,3150,0.0032162661737523105,0.05523809523809524
ta,3,2,191,54100,3150,0.003530499075785582,0.06063492063492063
ta,3,4,169,54100,3150,0.003123844731977819,0.05365079365079365
ta,3,5,175,54100,3150,0.003234750462107209,0.05555555555555555
ta,3,6,160,54100,3150,0.0029574861367837337,0.050793650793650794
ta,3,7,184,54100,3150,0.0034011090573012937,0.058412698412698416
ta,3,8,216,54100,3150,0.00399260628465804,0.06857142857142857
ta,3,9,173,54100,3150,0.0031977818853974123,0.05492063492063492
ta,3,10,166,54100,3150,0.003068391866913124,0.052698412698412696
ta,3,11,164,54100,3150,0.003031423290203327,0.05206349206349206
ta,3,12,172,54100,3150,0.0031792975970425137,0.054603174603174605
ta,3,13,166,54100,3150,0.003068391866913124,0.052698412698412696
ta,3,14,181,54100,3150,0.003345656192236599,0.05746031746031746
ta,3,15,117,54100,3150,0.0021626617375231053,0.037142857142857144
ta,3,16,108,54100,3150,0.00199630314232902,0.03428571428571429
ta,3,17,88,54100,3150,0.0016266173752310536,0.027936507936507936
ta,3,18,103,54100,3150,0.0019038817005545287,0.0326984126984127
ta,3,19,87,54100,3150,0.0016081330868761552,0.02761904761904762
ta,4,0,163,54100,3150,0.003012939001848429,0.05174603174603175
ta,4,1,205,54100,3150,0.003789279112754159,0.06507936507936508
ta,4,2,154,54100,3150,0.002846580406654344,0.04888888888888889
ta,4,3,175,54100,3150,0.003234750462107209,0.05555555555555555
ta,4,5,163,54100,3150,0.003012939001848429,0.05174603174603175
ta,4,6,181,54100,3150,0.003345656192236599,0.05746031746031746
ta,4,7,191,54100,3150,0.003530499075785582,0.06063492063492063
ta,4,8,190,54100,3150,0.003512014787430684,0.06031746031746032
ta,4,9,180,54100,3150,0.0033271719038817007,0.05714285714285714
ta,4,10,174,54100,3150,0.0032162661737523105,0.05523809523809524
ta,4,11,166,54100,3150,0.003068391866913124,0.052698412698412696
ta,4,12,160,54100,3150,0.0029574861367837337,0.050793650793650794
ta,4,13,169,54100,3150,0.003123844731977819,0.05365079365079365
ta,4,14,164,54100,3150,0.003031423290203327,0.05206349206349206
ta,4,15,103,54100,3150,0.0019038817005545287,0.0326984126984127
ta,4,16,112,54100,3150,0.0020702402957486136,0.035555555555555556
ta,4,17,104,54100,3150,0.0019223659889094269,0.03301587301587302
ta,4,18,102,54100,3150,0.0018853974121996304,0.03238095238095238
ta,4,19,106,54100,3150,0.001959334565619224,0.03365079365079365
ta,5,0,194,54100,3150,0.0035859519408502774,0.061587301587301586
ta,5,1,173,54100,3150,0.0031977818853974123,0.05492063492063492
ta,5,2,182,54100,3150,0.0033641404805914974,0.057777777777777775
ta,5,3,188,54100,3150,0.0034750462107208872,0.059682539682539684
ta,5,4,174,54100,3150,0.0032162661737523105,0.05523809523809524
ta,5,6,188,54100,3150,0.0034750462107208872,0.059682539682539684
ta,5,7,152,54100,3150,0.002809611829944547,0.04825396825396826
ta,5,8,172,54100,3150,0.0031792975970425137,0.054603174603174605
ta,5,9,175,54100,3150,0.003234750462107209,0.05555555555555555
ta,5,10,184,54100,3150,0.0034011090573012937,0.058412698412698416
ta,5,11,191,54100,3150,0.003530499075785582,0.06063492063492063
ta,5,12,187,54100,3150,0.003456561922365989,0.059365079365079364
ta,5,13,170,54100,3150,0.003142329020332717,0.05396825396825397
ta,5,14,176,54100,3150,0.003253234750462107,0.05587301587301587
ta,5,15,93,54100,3150,0.0017190388170055452,0.029523809523809525
ta,5,16,97,54100,3150,0.0017929759704251387,0.030793650793650793
ta,5,17,83,54100,3150,0.001534195933456562,0.026349206349206348
ta,5,18,100,54100,3150,0.0018484288354898336,0.031746031746031744
ta,5,19,88,54100,3150,0.0016266173752310536,0.027936507936507936
ta,6,0,149,54100,3150,0.0027541589648798523,0.0473015873015873
ta,6,1,177,54100,3150,0.0032717190388170054,0.05619047619047619
ta,6,2,187,54100,3150,0.003456561922365989,0.059365079365079364
ta,6,3,191,54100,3150,0.003530499075785582,0.06063492063492063
ta,6,4,187,54100,3150,0.003456561922365989,0.059365079365079364
ta,6,5,172,54100,3150,0.0031792975970425137,0.054603174603174605
ta,6,7,167,54100,3150,0.003086876155268022,0.053015873015873016
ta,6,8,180,54100,3150,0.0033271719038817007,0.05714285714285714
ta,6,9,200,54100,3150,0.0036968576709796672,0.06349206349206349
ta,6,10,178,54100,3150,0.003290203327171904,0.05650793650793651
ta,6,11,193,54100,3150,0.003567467652495379,0.06126984126984127
ta,6,12,172,54100,3150,0.0031792975970425137,0.054603174603174605
ta,6,13,168,54100,3150,0.0031053604436229207,0.05333333333333334
ta,6,14,178,54100,3150,0.003290203327171904,0.05650793650793651
ta,6,15,86,54100,3150,0.0015896487985212569,0.027301587301587302
ta,6,16,99,54100,3150,0.0018299445471349352,0.03142857142857143
ta,6,17,86,54100,3150,0.0015896487985212569,0.027301587301587302
ta,6,18,98,54100,3150,0.0018114602587800369,0.03111111111111111
ta,6,19,108,54100,3150,0.00199630314232902,0.03428571428571429
ta,7,0,177,54100,3150,0.0032717190388170054,0.05619047619047619
ta,7,1,167,54100,3150,0.003086876155268022,0.053015873015873016
ta,7,2,174,54100,3150,0.0032162661737523105,0.05523809523809524
ta,7,3,169,54100,3150,0.003123844731977819,0.05365079365079365
ta,7,4,194,54100,3150,0.0035859519408502774,0.061587301587301586
ta,7,5,185,54100,3150,0.0034195933456561923,0.05873015873015873
ta,7,6,191,54100,3150,0.003530499075785582,0.06063492063492063
ta,7,8,178,54100,3150,0.003290203327171904,0.05650793650793651
ta,7,9,161,54100,3150,0.0029759704251386323,0.051111111111111114
ta,7,10,165,54100,3150,0.0030499075785582253,0.05238095238095238
ta,7,11,170,54100,3150,0.003142329020332717,0.05396825396825397
ta,7,12,181,54100,3150,0.003345656192236599,0.05746031746031746
ta,7,13,183,54100,3150,0.0033826247689463956,0.058095238095238096
ta,7,14,179,54100,3150,0.003308687615526802,0.05682539682539683
ta,7,15,118,54100,3150,0.002181146025878004,0.03746031746031746
ta,7,16,106,54100,3150,0.001959334565619224,0.03365079365079365
ta,7,17,97,54100,3150,0.0017929759704251387,0.030793650793650793
ta,7,18,99,54100,3150,0.0018299445471349352,0.03142857142857143
ta,7,19,94,54100,3150,0.0017375231053604436,0.029841269841269842
ta,8,0,171,54100,3150,0.0031608133086876156,0.054285714285714284
ta,8,1,176,54100,3150,0.003253234750462107,0.05587301587301587
ta,8,2,181,54100,3150,0.003345656192236599,0.05746031746031746
ta,8,3,163,54100,3150,0.003012939001848429,0.05174603174603175
ta,8,4,168,54100,3150,0.0031053604436229207,0.05333333333333334
ta,8,5,155,54100,3150,0.002865064695009242,0.049206349206349205
ta,8,6,181,54100,3150,0.003345656192236599,0.05746031746031746
ta,8,7,171,54100,3150,0.0031608133086876156,0.054285714285714284
ta,8,9,179,54100,3150,0.003308687615526802,0.05682539682539683
ta,8,10,184,54100,3150,0.0034011090573012937,0.058412698412698416
ta,8,11,162,54100,3150,0.0029944547134935304,0.05142857142857143
ta,8,12,183,54100,3150,0.0033826247689463956,0.058095238095238096
ta,8,13,190,54100,3150,0.003512014787430684,0.06031746031746032
ta,8,14,204,54100,3150,0.0037707948243992607,0.06476190476190476
ta,8,15,93,54100,3150,0.0017190388170055452,0.029523809523809525
ta,8,16,93,54100,3150,0.0017190388170055452,0.029523809523809525
ta,8,17,109,54100,3150,0.0020147874306839187,0.0346031746031746
ta,8,18,96,54100,3150,0.0017744916820702404,0.030476190476190476
ta,8,19,115,54100,3150,0.0021256931608133085,0.03650793650793651
ta,9,0,178,54100,3150,0.003290203327171904,0.05650793650793651
ta,9,1,168,54100,3150,0.0031053604436229207,0.05333333333333334
ta,9,2,180,54100,3150,0.0033271719038817007,0.05714285714285714
ta,9,3,182,54100,3150,0.0033641404805914974,0.057777777777777775
ta,9,4,171,54100,3150,0.0031608133086876156,0.054285714285714284
ta,9,5,177,54100,3150,0.0032717190388170054,0.05619047619047619
ta,9,6,180,54100,3150,0.0033271719038817007,0.05714285714285714
ta,9,7,165,54100,3150,0.0030499075785582253,0.05238095238095238
ta,9,8,176,54100,3150,0.003253234750462107,0.05587301587301587
ta,9,10,188,54100,3150,0.0034750462107208872,0.059682539682539684
ta,9,11,158,54100,3150,0.002920517560073937,0.05015873015873016
ta,9,12,173,54100,3150,0.0031977818853974123,0.05492063492063492
ta,9,13,190,54100,3150,0.003512014787430684,0.06031746031746032
ta,9,14,146,54100,3150,0.002698706099815157,0.04634920634920635
ta,9,15,120,54100,3150,0.0022181146025878,0.0380952380952381
ta,9,16,95,54100,3150,0.001756007393715342,0.03015873015873016
ta,9,17,99,54100,3150,0.0018299445471349352,0.03142857142857143
ta,9,18,126,54100,3150,0.0023290203327171904,0.04
ta,9,19,117,54100,3150,0.0021626617375231053,0.037142857142857144
ta,10,0,182,54100,3150,0.0033641404805914974,0.057777777777777775
ta,10,1,199,54100,3150,0.003678373382624769,0.06317460317460317
ta,10,2,185,54100,3150,0.0034195933456561923,0.05873015873015873
ta,10,3,192,54100,3150,0.0035489833641404807,0.06095238095238095
ta,10,4,188,54100,3150,0.0034750462107208872,0.059682539682539684
ta,10,5,172,54100,3150,0.0031792975970425137,0.054603174603174605
ta,10,6,172,54100,3150,0.0031792975970425137,0.054603174603174605
ta,10,7,179,54100,3150,0.003308687615526802,0.05682539682539683
ta,10,8,176,54100,3150,0.003253234750462107,0.05587301587301587
ta,10,9,155,54100,3150,0.002865064695009242,0.049206349206349205
ta,10,11,171,54100,3150,0.0031608133086876156,0.054285714285714284
ta,10,12,173,54100,3150,0.0031977818853974123,0.05492063492063492
ta,10,13,181,54100,3150,0.003345656192236599,0.05746031746031746
ta,10,14,157,54100,3150,0.002902033271719039,0.04984126984126984
ta,10,15,120,54100,3150,0.0022181146025878,0.0380952380952381
ta,10,16,97,54100,3150,0.0017929759704251387,0.030793650793650793
ta,10,17,96,54100,3150,0.0017744916820702404,0.030476190476190476
ta,10,18,84,54100,3150,0.0015526802218114603,0.02666666666666667
ta,10,19,99,54100,3150,0.0018299445471349352,0.03142857142857143
ta,11,0,205,54100,3150,0.003789279112754159,0.06507936507936508
ta,11,1,175,54100,3150,0.003234750462107209,0.05555555555555555
ta,11,2,156,54100,3150,0.0028835489833641407,0.049523809523809526
ta,11,3,196,54100,3150,0.0036229205175600738,0.06222222222222222
ta,11,4,180,54100,3150,0.0033271719038817007,0.05714285714285714
ta,11,5,149,54100,3150,0.0027541589648798523,0.0473015873015873
ta,11,6,153,54100,3150,0.0028280961182994453,0.04857142857142857
ta,11,7,165,54100,3150,0.0030499075785582253,0.05238095238095238
ta,11,8,170,54100,3150,0.003142329020332717,0.05396825396825397
ta,11,9,193,54100,3150,0.003567467652495379,0.06126984126984127
ta,11,10,161,54100,3150,0.0029759704251386323,0.051111111111111114
ta,11,12,167,54100,3150,0.003086876155268022,0.053015873015873016
ta,11,13,204,54100,3150,0.0037707948243992607,0.06476190476190476
ta,11,14,183,54100,3150,0.0033826247689463956,0.058095238095238096
ta,11,15,93,54100,3150,0.0017190388170055452,0.029523809523809525
ta,11,16,102,54100,3150,0.0018853974121996304,0.03238095238095238
ta,11,17,110,54100,3150,0.002033271719038817,0.03492063492063492
ta,11,18,90,54100,3150,0.0016635859519408503,0.02857142857142857
ta,11,19,102,54100,3150,0.0018853974121996304,0.03238095238095238
ta,12,0,175,54100,3150,0.003234750462107209,0.05555555555555555
ta,12,1,187,54100,3150,0.003456561922365989,0.059365079365079364
ta,12,2,180,54100,3150,0.0033271719038817007,0.05714285714285714
ta,12,3,171,54100,3150,0.0031608133086876156,0.054285714285714284
ta,12,4,177,54100,3150,0.0032717190388170054,0.05619047619047619
ta,12,5,176,54100,3150,0.003253234750462107,0.05587301587301587
ta,12,6,207,54100,3150,0.0038262476894639556,0.06571428571428571
ta,12,7,184,54100,3150,0.0034011090573012937,0.058412698412698416
ta,12,8,157,54100,3150,0.002902033271719039,0.04984126984126984
ta,12,9,182,54100,3150,0.0033641404805914974,0.057777777777777775
ta,12,10,165,54100,3150,0.0030499075785582253,0.05238095238095238
ta,12,11,187,54100,3150,0.003456561922365989,0.059365079365079364
ta,12,13,169,54100,3150,0.003123844731977819,0.05365079365079365
ta,12,14,177,54100,3150,0.0032717190388170054,0.05619047619047619
ta,12,15,109,54100,3150,0.0020147874306839187,0.0346031746031746
ta,12,16,89,54100,3150,0.001645101663585952,0.028253968253968254
ta,12,17,103,54100,3150,0.0019038817005545287,0.0326984126984127
ta,12,18,97,54100,3150,0.0017929759704251387,0.030793650793650793
ta,12,19,88,54100,3150,0.0016266173752310536,0.027936507936507936
ta,13,0,172,54100,3150,0.0031792975970425137,0.054603174603174605
ta,13,1,173,54100,3150,0.0031977818853974123,0.05492063492063492
ta,13,2,171,54100,3150,0.0031608133086876156,0.054285714285714284
ta,13,3,171,54100,3150,0.0031608133086876156,0.054285714285714284
ta,13,4,186,54100,3150,0.0034380776340110905,0.05904761904761905
ta,13,5,176,54100,3150,0.003253234750462107,0.05587301587301587
ta,13,6,178,54100,3150,0.003290203327171904,0.05650793650793651
ta,13,7,166,54100,3150,0.003068391866913124,0.052698412698412696
ta,13,8,185,54100,3150,0.0034195933456561923,0.05873015873015873
ta,13,9,178,54100,3150,0.003290203327171904,0.05650793650793651
ta,13,10,174,54100,3150,0.0032162661737523105,0.05523809523809524
ta,13,11,192,54100,3150,0.0035489833641404807,0.06095238095238095
ta,13,12,157,54100,3150,0.002902033271719039,0.04984126984126984
ta,13,14,179,54100,3150,0.003308687615526802,0.05682539682539683
ta,13,15,87,54100,3150,0.0016081330868761552,0.02761904761904762
ta,13,16,112,54100,3150,0.0020702402957486136,0.035555555555555556
ta,13,17,100,54100,3150,0.0018484288354898336,0.031746031746031744
ta,13,18,113,54100,3150,0.0020887245841035122,0.035873015873015876
ta,13,19,104,54100,3150,0.0019223659889094269,0.03301587301587302
ta,14,0,179,54100,3150,0.003308687615526802,0.05682539682539683
ta,14,1,157,54100,3150,0.002902033271719039,0.04984126984126984
ta,14,2,188,54100,3150,0.0034750462107208872,0.059682539682539684
ta,14,3,165,54100,3150,0.0030499075785582253,0.05238095238095238
ta,14,4,152,54100,3150,0.002809611829944547,0.04825396825396826
ta,14,5,205,54100,3150,0.003789279112754159,0.06507936507936508
ta,14,6,188,54100,3150,0.0034750462107208872,0.059682539682539684
ta,14,7,187,54100,3150,0.003456561922365989,0.059365079365079364
ta,14,8,155,54100,3150,0.002865064695009242,0.049206349206349205
ta,14,9,184,54100,3150,0.0034011090573012937,0.058412698412698416
ta,14,10,188,54100,3150,0.0034750462107208872,0.059682539682539684
ta,14,11,181,54100,3150,0.003345656192236599,0.05746031746031746
ta,14,12,201,54100,3150,0.003715341959334566,0.06380952380952382
ta,14,13,166,54100,3150,0.003068391866913124,0.052698412698412696
ta,14,15,90,54100,3150,0.0016635859519408503,0.02857142857142857
ta,14,16,96,54100,3150,0.0017744916820702404,0.030476190476190476
ta,14,17,89,54100,3150,0.001645101663585952,0.028253968253968254
ta,14,18,102,54100,3150,0.0018853974121996304,0.03238095238095238
ta,14,19,105,54100,3150,0.0019408502772643253,0.03333333333333333
ta,15,0,103,54100,3150,0.0019038817005545287,0.0326984126984127
ta,15,1,109,54100,3150,0.0020147874306839187,0.0346031746031746
ta,15,2,91,54100,3150,0.0016820702402957487,0.028888888888888888
ta,15,3,94,54100,3150,0.0017375231053604436,0.029841269841269842
ta,15,4,101,54100,3150,0.001866913123844732,0.032063492063492065
ta,15,5,97,54100,3150,0.0017929759704251387,0.030793650793650793
ta,15,6,93,54100,3150,0.0017190388170055452,0.029523809523809525
ta,15,7,96,54100,3150,0.0017744916820702404,0.030476190476190476
ta,15,8,119,54100,3150,0.002199630314232902,0.03777777777777778
ta,15,9,79,54100,3150,0.0014602587800369685,0.02507936507936508
ta,15,10,103,54100,3150,0.0019038817005545287,0.0326984126984127
ta,15,11,99,54100,3150,0.0018299445471349352,0.03142857142857143
ta,15,12,122,54100,3150,0.002255083179297597,0.03873015873015873
ta,15,13,102,54100,3150,0.0018853974121996304,0.03238095238095238
ta,15,14,88,54100,3150,0.0016266173752310536,0.027936507936507936
ta,15,16,115,54100,3150,0.0021256931608133085,0.03650793650793651
ta,15,17,103,54100,3150,0.0019038817005545287,0.0326984126984127
ta,15,18,91,54100,3150,0.0016820702402957487,0.028888888888888888
ta,15,19,94,54100,3150,0.0017375231053604436,0.029841269841269842
ta,16,0,107,54100,3150,0.001977818853974122,0.03396825396825397
ta,16,1,97,54100,3150,0.0017929759704251387,0.030793650793650793
ta,16,2,90,54100,3150,0.0016635859519408503,0.02857142857142857
ta,16,3,93,54100,3150,0.0017190388170055452,0.029523809523809525
ta,16,4,93,54100,3150,0.0017190388170055452,0.029523809523809525
ta,16,5,108,54100,3150,0.00199630314232902,0.03428571428571429
ta,16,6,103,54100,3150,0.0019038817005545287,0.0326984126984127
ta,16,7,109,54100,3150,0.0020147874306839187,0.0346031746031746
ta,16,8,100,54100,3150,0.0018484288354898336,0.031746031746031744
ta,16,9,101,54100,3150,0.001866913123844732,0.032063492063492065
ta,16,10,114,54100,3150,0.0021072088724584104,0.03619047619047619
ta,16,11,104,54100,3150,0.0019223659889094269,0.03301587301587302
ta,16,12,99,54100,3150,0.0018299445471349352,0.03142857142857143
ta,16,13,93,54100,3150,0.0017190388170055452,0.029523809523809525
ta,16,14,95,54100,3150,0.001756007393715342,0.03015873015873016
ta,16,15,78,54100,3150,0.0014417744916820703,0.024761904761904763
ta,16,17,111,54100,3150,0.0020517560073937155,0.035238095238095235
ta,16,18,105,54100,3150,0.0019408502772643253,0.03333333333333333
ta,16,19,100,54100,3150,0.0018484288354898336,0.031746031746031744
ta,17,0,107,54100,3150,0.001977818853974122,0.03396825396825397
ta,17,1,88,54100,3150,0.0016266173752310536,0.027936507936507936
ta,17,2,95,54100,3150,0.001756007393715342,0.03015873015873016
ta,17,3,81,54100,3150,0.0014972273567467652,0.025714285714285714
ta,17,4,104,54100,3150,0.0019223659889094269,0.03301587301587302
ta,17,5,108,54100,3150,0.00199630314232902,0.03428571428571429
ta,17,6,99,54100,3150,0.0018299445471349352,0.03142857142857143
ta,17,7,93,54100,3150,0.0017190388170055452,0.029523809523809525
ta,17,8,98,54100,3150,0.0018114602587800369,0.03111111111111111
ta,17,9,111,54100,3150,0.0020517560073937155,0.035238095238095235
ta,17,10,100,54100,3150,0.0018484288354898336,0.031746031746031744
ta,17,11,97,54100,3150,0.0017929759704251387,0.030793650793650793
ta,17,12,103,54100,3150,0.0019038817005545287,0.0326984126984127
ta,17,13,92,54100,3150,0.0017005545286506469,0.029206349206349208
ta,17,14,109,54100,3150,0.0020147874306839187,0.0346031746031746
ta,17,15,105,54100,3150,0.0019408502772643253,0.03333333333333333
ta,17,16,103,54100,3150,0.0019038817005545287,0.0326984126984127
ta,17,18,106,54100,3150,0.001959334565619224,0.03365079365079365
ta,17,19,100,54100,3150,0.0018484288354898336,0.031746031746031744
ta,18,0,89,54100,3150,0.001645101663585952,0.028253968253968254
ta,18,1,126,54100,3150,0.0023290203327171904,0.04
ta,18,2,94,54100,3150,0.0017375231053604436,0.029841269841269842
ta,18,3,88,54100,3150,0.0016266173752310536,0.027936507936507936
ta,18,4,93,54100,3150,0.0017190388170055452,0.029523809523809525
ta,18,5,105,54100,3150,0.0019408502772643253,0.03333333333333333
ta,18,6,88,54100,3150,0.0016266173752310536,0.027936507936507936
ta,18,7,99,54100,3150,0.0018299445471349352,0.03142857142857143
ta,18,8,105,54100,3150,0.0019408502772643253,0.03333333333333333
ta,18,9,87,54100,3150,0.0016081330868761552,0.02761904761904762
ta,18,10,85,54100,3150,0.0015711645101663585,0.026984126984126985
ta,18,11,102,54100,3150,0.0018853974121996304,0.03238095238095238
ta,18,12,106,54100,3150,0.001959334565619224,0.03365079365079365
ta,18,13,111,54100,3150,0.0020517560073937155,0.035238095238095235
ta,18,14,108,54100,3150,0.00199630314232902,0.03428571428571429
ta,18,15,94,54100,3150,0.0017375231053604436,0.029841269841269842
ta,18,16,97,54100,3150,0.0017929759704251387,0.030793650793650793
ta,18,17,112,54100,3150,0.0020702402957486136,0.035555555555555556
ta,18,19,99,54100,3150,0.0018299445471349352,0.03142857142857143
ta,19,0,104,54100,3150,0.0019223659889094269,0.03301587301587302
ta,19,1,95,54100,3150,0.001756007393715342,0.03015873015873016
ta,19,2,108,54100,3150,0.00199630314232902,0.03428571428571429
ta,19,3,100,54100,3150,0.0018484288354898336,0.031746031746031744
ta,19,4,108,54100,3150,0.00199630314232902,0.03428571428571429
ta,19,5,120,54100,3150,0.0022181146025878,0.0380952380952381
ta,19,6,95,54100,3150,0.001756007393715342,0.03015873015873016
ta,19,7,98,54100,3150,0.0018114602587800369,0.03111111111111111
ta,19,8,95,54100,3150,0.001756007393715342,0.03015873015873016
ta,19,9,81,54100,3150,0.0014972273567467652,0.025714285714285714
ta,19,10,93,54100,3150,0.0017190388170055452,0.029523809523809525
ta,19,11,97,54100,3150,0.0017929759704251387,0.030793650793650793
ta,19,12,96,54100,3150,0.0017744916820702404,0.030476190476190476
ta,19,13,103,54100,3150,0.0019038817005545287,0.0326984126984127
ta,19,14,108,54100,3150,0.00199630314232902,0.03428571428571429
ta,19,15,104,54100,3150,0.0019223659889094269,0.03301587301587302
ta,19,16,102,54100,3150,0.0018853974121996304,0.03238095238095238
ta,19,17,102,54100,3150,0.0018853974121996304,0.03238095238095238
ta,19,18,102,54100,3150,0.0018853974121996304,0.03238095238095238
yn,0,1,6,1520,80,0.003947368421052632,0.075
yn,0,2,1,1520,80,0.0006578947368421052,0.0125
yn,0,3,7,1520,80,0.004605263157894736,0.0875
yn,0,4,3,1520,80,0.001973684210526316,0.0375
yn,0,5,4,1520,80,0.002631578947368421,0.05
yn,0,6,6,1520,80,0.003947368421052632,0.075
yn,0,7,5,1520,80,0.003289473684210526,0.0625
yn,0,8,0,1520,80,0.0,0.0
yn,0,9,5,1520,80,0.003289473684210526,0.0625
yn,0,10,2,1520,80,0.0013157894736842105,0.025
yn,0,11,2,1520,80,0.0013157894736842105,0.025
yn,0,12,3,1520,80,0.001973684210526316,0.0375
yn,0,13,8,1520,80,0.005263157894736842,0.1
yn,0,14,9,1520,80,0.0059210526315789476,0.1125
yn,0,15,4,1520,80,0.002631578947368421,0.05
yn,0,16,5,1520,80,0.003289473684210526,0.0625
yn,0,17,2,1520,80,0.0013157894736842105,0.025
yn,0,18,4,1520,80,0.002631578947368421,0.05
yn,0,19,3,1520,80,0.001973684210526316,0.0375
yn,1,0,5,1520,80,0.003289473684210526,0.0625
yn,1,2,3,1520,80,0.001973684210526316,0.0375
yn,1,3,3,1520,80,0.001973684210526316,0.0375
yn,1,4,4,1520,80,0.002631578947368421,0.05
yn,1,5,7,1520,80,0.004605263157894736,0.0875
yn,1,6,2,1520,80,0.0013157894736842105,0.025
yn,1,7,1,1520,80,0.0006578947368421052,0.0125
yn,1,8,8,1520,80,0.005263157894736842,0.1
yn,1,9,2,1520,80,0.0013157894736842105,0.025
yn,1,10,5,1520,80,0.003289473684210526,0.0625
yn,1,11,5,1520,80,0.003289473684210526,0.0625
yn,1,12,4,1520,80,0.002631578947368421,0.05
yn,1,13,1,1520,80,0.0006578947368421052,0.0125
yn,1,14,4,1520,80,0.002631578947368421,0.05
yn,1,15,9,1520,80,0.0059210526315789476,0.1125
yn,1,16,2,1520,80,0.0013157894736842105,0.025
yn,1,17,6,1520,80,0.003947368421052632,0.075
yn,1,18,2,1520,80,0.0013157894736842105,0.025
yn,1,19,5,1520,80,0.003289473684210526,0.0625
yn,2,0,3,1520,80,0.001973684210526316,0.0375
yn,2,1,6,1520,80,0.003947368421052632,0.075
yn,2,3,4,1520,80,0.002631578947368421,0.05
yn,2,4,1,1520,80,0.0006578947368421052,0.0125
yn,2,5,2,1520,80,0.0013157894736842105,0.025
yn,2,6,2,1520,80,0.0013157894736842105,0.025
yn,2,7,2,1520,80,0.0013157894736842105,0.025
yn,2,8,4,1520,80,0.002631578947368421,0.05
yn,2,9,3,1520,80,0.001973684210526316,0.0375
yn,2,10,5,1520,80,0.003289473684210526,0.0625
yn,2,11,8,1520,80,0.005263157894736842,0.1
yn,2,12,4,1520,80,0.002631578947368421,0.05
yn,2,13,3,1520,80,0.001973684210526316,0.0375
yn,2,14,8,1520,80,0.005263157894736842,0.1
yn,2,15,8,1520,80,0.005263157894736842,0.1
yn,2,16,3,1520,80,0.001973684210526316,0.0375
yn,2,17,8,1520,80,0.005263157894736842,0.1
yn,2,18,3,1520,80,0.001973684210526316,0.0375
yn,2,19,2,1520,80,0.0013157894736842105,0.025
yn,3,0,2,1520,80,0.0013157894736842105,0.025
yn,3,1,3,1520,80,0.001973684210526316,0.0375
yn,3,2,7,1520,80,0.004605263157894736,0.0875
yn,3,4,5,1520,80,0.003289473684210526,0.0625
yn,3,5,6,1520,80,0.003947368421052632,0.075
yn,3,6,7,1520,80,0.004605263157894736,0.0875
yn,3,7,5,1520,80,0.003289473684210526,0.0625
yn,3,8,4,1520,80,0.002631578947368421,0.05
yn,3,9,4,1520,80,0.002631578947368421,0.05
yn,3,10,1,1520,80,0.0006578947368421052,0.0125
yn,3,11,1,1520,80,0.0006578947368421052,0.0125
yn,3,12,7,1520,80,0.004605263157894736,0.0875
yn,3,13,1,1520,80,0.0006578947368421052,0.0125
yn,3,14,6,1520,80,0.003947368421052632,0.075
yn,3,15,5,1520,80,0.003289473684210526,0.0625
yn,3,16,0,1520,80,0.0,0.0
yn,3,17,4,1520,80,0.002631578947368421,0.05
yn,3,18,5,1520,80,0.003289473684210526,0.0625
yn,3,19,2,1520,80,0.0013157894736842105,0.025
yn,4,0,5,1520,80,0.003289473684210526,0.0625
yn,4,1,1,1520,80,0.0006578947368421052,0.0125
yn,4,2,8,1520,80,0.005263157894736842,0.1
yn,4,3,5,1520,80,0.003289473684210526,0.0625
yn,4,5,4,1520,80,0.002631578947368421,0.05
yn,4,6,2,1520,80,0.0013157894736842105,0.025
yn,4,7,3,1520,80,0.001973684210526316,0.0375
yn,4,8,4,1520,80,0.002631578947368421,0.05
yn,4,9,1,1520,80,0.0006578947368421052,0.0125
yn,4,10,5,1520,80,0.003289473684210526,0.0625
yn,4,11,6,1520,80,0.003947368421052632,0.075
yn,4,12,3,1520,80,0.001973684210526316,0.0375
yn,4,13,4,1520,80,0.002631578947368421,0.05
yn,4,14,1,1520,80,0.0006578947368421052,0.0125
yn,4,15,3,1520,80,0.001973684210526316,0.0375
yn,4,16,7,1520,80,0.004605263157894736,0.0875
yn,4,17,3,1520,80,0.001973684210526316,0.0375
yn,4,18,5,1520,80,0.003289473684210526,0.0625
yn,4,19,7,1520,80,0.004605263157894736,0.0875
yn,5,0,5,1520,80,0.003289473684210526,0.0625
yn,5,1,3,1520,80,0.001973684210526316,0.0375
yn,5,2,5,1520,80,0.003289473684210526,0.0625
yn,5,3,2,1520,80,0.0013157894736842105,0.025
yn,5,4,6,1520,80,0.003947368421052632,0.075
yn,5,6,5,1520,80,0.003289473684210526,0.0625
yn,5,7,5,1520,80,0.003289473684210526,0.0625
yn,5,8,4,1520,80,0.002631578947368421,0.05
yn,5,9,12,1520,80,0.007894736842105263,0.15
yn,5,10,5,1520,80,0.003289473684210526,0.0625
yn,5,11,4,1520,80,0.002631578947368421,0.05
yn,5,12,2,1520,80,0.0013157894736842105,0.025
yn,5,13,6,1520,80,0.003947368421052632,0.075
yn,5,14,0,1520,80,0.0,0.0
yn,5,15,3,1520,80,0.001973684210526316,0.0375
yn,5,16,1,1520,80,0.0006578947368421052,0.0125
yn,5,17,3,1520,80,0.001973684210526316,0.0375
yn,5,18,3,1520,80,0.001973684210526316,0.0375
yn,5,19,3,1520,80,0.001973684210526316,0.0375
yn,6,0,2,1520,80,0.0013157894736842105,0.025
yn,6,1,5,1520,80,0.003289473684210526,0.0625
yn,6,2,3,1520,80,0.001973684210526316,0.0375
yn,6,3,5,1520,80,0.003289473684210526,0.0625
yn,6,4,2,1520,80,0.0013157894736842105,0.025
yn,6,5,5,1520,80,0.003289473684210526,0.0625
yn,6,7,8,1520,80,0.005263157894736842,0.1
yn,6,8,3,1520,80,0.001973684210526316,0.0375
yn,6,9,5,1520,80,0.003289473684210526,0.0625
yn,6,10,2,1520,80,0.0013157894736842105,0.025
yn,6,11,3,1520,80,0.001973684210526316,0.0375
yn,6,12,4,1520,80,0.002631578947368421,0.05
yn,6,13,4,1520,80,0.002631578947368421,0.05
yn,6,14,3,1520,80,0.001973684210526316,0.0375
yn,6,15,4,1520,80,0.002631578947368421,0.05
yn,6,16,5,1520,80,0.003289473684210526,0.0625
yn,6,17,1,1520,80,0.0006578947368421052,0.0125
yn,6,18,9,1520,80,0.0059210526315789476,0.1125
yn,6,19,5,1520,80,0.003289473684210526,0.0625
yn,7,0,5,1520,80,0.003289473684210526,0.0625
yn,7,1,4,1520,80,0.002631578947368421,0.05
yn,7,2,4,1520,80,0.002631578947368421,0.05
yn,7,3,7,1520,80,0.004605263157894736,0.0875
yn,7,4,2,1520,80,0.0013157894736842105,0.025
yn,7,5,1,1520,80,0.0006578947368421052,0.0125
yn,7,6,2,1520,80,0.0013157894736842105,0.025
yn,7,8,3,1520,80,0.001973684210526316,0.0375
yn,7,9,5,1520,80,0.003289473684210526,0.0625
yn,7,10,1,1520,80,0.0006578947368421052,0.0125
yn,7,11,1,1520,80,0.0006578947368421052,0.0125
yn,7,12,7,1520,80,0.004605263157894736,0.0875
yn,7,13,4,1520,80,0.002631578947368421,0.05
yn,7,14,6,1520,80,0.003947368421052632,0.075
yn,7,15,5,1520,80,0.003289473684210526,0.0625
yn,7,16,9,1520,80,0.0059210526315789476,0.1125
yn,7,17,5,1520,80,0.003289473684210526,0.0625
yn,7,18,2,1520,80,0.0013157894736842105,0.025
yn,7,19,6,1520,80,0.003947368421052632,0.075
yn,8,0,8,1520,80,0.005263157894736842,0.1
yn,8,1,7,1520,80,0.004605263157894736,0.0875
yn,8,2,2,1520,80,0.0013157894736842105,0.025
yn,8,3,4,1520,80,0.002631578947368421,0.05
yn,8,4,4,1520,80,0.002631578947368421,0.05
yn,8,5,1,1520,80,0.0006578947368421052,0.0125
yn,8,6,6,1520,80,0.003947368421052632,0.075
yn,8,7,2,1520,80,0.0013157894736842105,0.025
yn,8,9,4,1520,80,0.002631578947368421,0.05
yn,8,10,6,1520,80,0.003947368421052632,0.075
yn,8,11,1,1520,80,0.0006578947368421052,0.0125
yn,8,12,7,1520,80,0.004605263157894736,0.0875
yn,8,13,0,1520,80,0.0,0.0
yn,8,14,5,1520,80,0.003289473684210526,0.0625
yn,8,15,8,1520,80,0.005263157894736842,0.1
yn,8,16,2,1520,80,0.0013157894736842105,0.025
yn,8,17,2,1520,80,0.0013157894736842105,0.025
yn,8,18,3,1520,80,0.001973684210526316,0.0375
yn,8,19,5,1520,80,0.003289473684210526,0.0625
yn,9,0,2,1520,80,0.0013157894736842105,0.025
yn,9,1,3,1520,80,0.001973684210526316,0.0375
yn,9,2,6,1520,80,0.003947368421052632,0.075
yn,9,3,2,1520,80,0.0013157894736842105,0.025
yn,9,4,5,1520,80,0.003289473684210526,0.0625
yn,9,5,5,1520,80,0.003289473684210526,0.0625
yn,9,6,4,1520,80,0.002631578947368421,0.05
yn,9,7,8,1520,80,0.005263157894736842,0.1
yn,9,8,4,1520,80,0.002631578947368421,0.05
yn,9,10,2,1520,80,0.0013157894736842105,0.025
yn,9,11,5,1520,80,0.003289473684210526,0.0625
yn,9,12,2,1520,80,0.0013157894736842105,0.025
yn,9,13,2,1520,80,0.0013157894736842105,0.025
yn,9,14,5,1520,80,0.003289473684210526,0.0625
yn,9,15,7,1520,80,0.004605263157894736,0.0875
yn,9,16,4,1520,80,0.002631578947368421,0.05
yn,9,17,3,1520,80,0.001973684210526316,0.0375
yn,9,18,5,1520,80,0.003289473684210526,0.0625
yn,9,19,3,1520,80,0.001973684210526316,0.0375
yn,10,0,3,1520,80,0.001973684210526316,0.0375
yn,10,1,1,1520,80,0.0006578947368421052,0.0125
yn,10,2,6,1520,80,0.003947368421052632,0.075
yn,10,3,6,1520,80,0.003947368421052632,0.075
yn,10,4,3,1520,80,0.001973684210526316,0.0375
yn,10,5,3,1520,80,0.001973684210526316,0.0375
yn,10,6,6,1520,80,0.003947368421052632,0.075
yn,10,7,4,1520,80,0.002631578947368421,0.05
yn,10,8,3,1520,80,0.001973684210526316,0.0375
yn,10,9,4,1520,80,0.002631578947368421,0.05
yn,10,11,4,1520,80,0.002631578947368421,0.05
yn,10,12,7,1520,80,0.004605263157894736,0.0875
yn,10,13,6,1520,80,0.003947368421052632,0.075
yn,10,14,5,1520,80,0.003289473684210526,0.0625
yn,10,15,6,1520,80,0.003947368421052632,0.075
yn,10,16,3,1520,80,0.001973684210526316,0.0375
yn,10,17,3,1520,80,0.001973684210526316,0.0375
yn,10,18,4,1520,80,0.002631578947368421,0.05
yn,10,19,3,1520,80,0.001973684210526316,0.0375
yn,11,0,3,1520,80,0.001973684210526316,0.0375
yn,11,1,8,1520,80,0.005263157894736842,0.1
yn,11,2,3,1520,80,0.001973684210526316,0.0375
yn,11,3,2,1520,80,0.0013157894736842105,0.025
yn,11,4,12,1520,80,0.007894736842105263,0.15
yn,11,5,7,1520,80,0.004605263157894736,0.0875
yn,11,6,4,1520,80,0.002631578947368421,0.05
yn,11,7,4,1520,80,0.002631578947368421,0.05
yn,11,8,3,1520,80,0.001973684210526316,0.0375
yn,11,9,1,1520,80,0.0006578947368421052,0.0125
yn,11,10,4,1520,80,0.002631578947368421,0.05
yn,11,12,4,1520,80,0.002631578947368421,0.05
yn,11,13,2,1520,80,0.0013157894736842105,0.025
yn,11,14,5,1520,80,0.003289473684210526,0.0625
yn,11,15,1,1520,80,0.0006578947368421052,0.0125
yn,11,16,3,1520,80,0.001973684210526316,0.0375
yn,11,17,5,1520,80,0.003289473684210526,0.0625
yn,11,18,0,1520,80,0.0,0.0
yn,11,19,4,1520,80,0.002631578947368421,0.05
yn,12,0,2,1520,80,0.0013157894736842105,0.025
yn,12,1,2,1520,80,0.0013157894736842105,0.025
yn,12,2,5,1520,80,0.003289473684210526,0.0625
yn,12,3,6,1520,80,0.003947368421052632,0.075
yn,12,4,2,1520,80,0.0013157894736842105,0.025
yn,12,5,6,1520,80,0.003947368421052632,0.075
yn,12,6,2,1520,80,0.0013157894736842105,0.025
yn,12,7,7,1520,80,0.004605263157894736,0.0875
yn,12,8,3,1520,80,0.001973684210526316,0.0375
yn,12,9,1,1520,80,0.0006578947368421052,0.0125
yn,12,10,4,1520,80,0.002631578947368421,0.05
yn,12,11,9,1520,80,0.0059210526315789476,0.1125
yn,12,13,7,1520,80,0.004605263157894736,0.0875
yn,12,14,4,1520,80,0.002631578947368421,0.05
yn,12,15,2,1520,80,0.0013157894736842105,0.025
yn,12,16,6,1520,80,0.003947368421052632,0.075
yn,12,17,0,1520,80,0.0,0.0
yn,12,18,5,1520,80,0.003289473684210526,0.0625
yn,12,19,4,1520,80,0.002631578947368421,0.05
yn,13,0,3,1520,80,0.001973684210526316,0.0375
yn,13,1,3,1520,80,0.001973684210526316,0.0375
yn,13,2,6,1520,80,0.003947368421052632,0.075
yn,13,3,4,1520,80,0.002631578947368421,0.05
yn,13,4,4,1520,80,0.002631578947368421,0.05
yn,13,5,4,1520,80,0.002631578947368421,0.05
yn,13,6,9,1520,80,0.0059210526315789476,0.1125
yn,13,7,5,1520,80,0.003289473684210526,0.0625
yn,13,8,2,1520,80,0.0013157894736842105,0.025
yn,13,9,3,1520,80,0.001973684210526316,0.0375
yn,13,10,8,1520,80,0.005263157894736842,0.1
yn,13,11,4,1520,80,0.002631578947368421,0.05
yn,13,12,2,1520,80,0.0013157894736842105,0.025
yn,13,14,3,1520,80,0.001973684210526316,0.0375
yn,13,15,3,1520,80,0.001973684210526316,0.0375
yn,13,16,2,1520,80,0.0013157894736842105,0.025
yn,13,17,7,1520,80,0.004605263157894736,0.0875
yn,13,18,4,1520,80,0.002631578947368421,0.05
yn,13,19,4,1520,80,0.002631578947368421,0.05
yn,14,0,7,1520,80,0.004605263157894736,0.0875
yn,14,1,8,1520,80,0.005263157894736842,0.1
yn,14,2,2,1520,80,0.0013157894736842105,0.025
yn,14,3,5,1520,80,0.003289473684210526,0.0625
yn,14,4,3,1520,80,0.001973684210526316,0.0375
yn,14,5,5,1520,80,0.003289473684210526,0.0625
yn,14,6,5,1520,80,0.003289473684210526,0.0625
yn,14,7,2,1520,80,0.0013157894736842105,0.025
yn,14,8,9,1520,80,0.0059210526315789476,0.1125
yn,14,9,4,1520,80,0.002631578947368421,0.05
yn,14,10,3,1520,80,0.001973684210526316,0.0375
yn,14,11,2,1520,80,0.0013157894736842105,0.025
yn,14,12,2,1520,80,0.0013157894736842105,0.025
yn,14,13,6,1520,80,0.003947368421052632,0.075
yn,14,15,4,1520,80,0.002631578947368421,0.05
yn,14,16,0,1520,80,0.0,0.0
yn,14,17,5,1520,80,0.003289473684210526,0.0625
yn,14,18,3,1520,80,0.001973684210526316,0.0375
yn,14,19,3,1520,80,0.001973684210526316,0.0375
yn,15,0,4,1520,80,0.002631578947368421,0.05
yn,15,1,3,1520,80,0.001973684210526316,0.0375
yn,15,2,9,1520,80,0.0059210526315789476,0.1125
yn,15,3,1,1520,80,0.0006578947368421052,0.0125
yn,15,4,6,1520,80,0.003947368421052632,0.075
yn,15,5,3,1520,80,0.001973684210526316,0.0375
yn,15,6,4,1520,80,0.002631578947368421,0.05
yn,15,7,0,1520,80,0.0,0.0
yn,15,8,8,1520,80,0.005263157894736842,0.1
yn,15,9,3,1520,80,0.001973684210526316,0.0375
yn,15,10,2,1520,80,0.0013157894736842105,0.025
yn,15,11,3,1520,80,0.001973684210526316,0.0375
yn,15,12,0,1520,80,0.0,0.0
yn,15,13,6,1520,80,0.003947368421052632,0.075
yn,15,14,3,1520,80,0.001973684210526316,0.0375
yn,15,16,4,1520,80,0.002631578947368421,0.05
yn,15,17,4,1520,80,0.002631578947368421,0.05
yn,15,18,9,1520,80,0.0059210526315789476,0.1125
yn,15,19,4,1520,80,0.002631578947368421,0.05
yn,16,0,5,1520,80,0.003289473684210526,0.0625
yn,16,1,6,1520,80,0.003947368421052632,0.075
yn,16,2,0,1520,80,0.0,0.0
yn,16,3,5,1520,80,0.003289473684210526,0.0625
yn,16,4,0,1520,80,0.0,0.0
yn,16,5,4,1520,80,0.002631578947368421,0.05
yn,16,6,3,1520,80,0.001973684210526316,0.0375
yn,16,7,6,1520,80,0.003947368421052632,0.075
yn,16,8,3,1520,80,0.001973684210526316,0.0375
yn,16,9,2,1520,80,0.0013157894736842105,0.025
yn,16,10,6,1520,80,0.003947368421052632,0.075
yn,16,11,10,1520,80,0.006578947368421052,0.125
yn,16,12,8,1520,80,0.005263157894736842,0.1
yn,16,13,4,1520,80,0.002631578947368421,0.05
yn,16,14,1,1520,80,0.0006578947368421052,0.0125
yn,16,15,1,1520,80,0.0006578947368421052,0.0125
yn,16,17,3,1520,80,0.001973684210526316,0.0375
yn,16,18,2,1520,80,0.0013157894736842105,0.025
yn,16,19,5,1520,80,0.003289473684210526,0.0625
yn,17,0,6,1520,80,0.003947368421052632,0.075
yn,17,1,5,1520,80,0.003289473684210526,0.0625
yn,17,2,3,1520,80,0.001973684210526316,0.0375
yn,17,3,3,1520,80,0.001973684210526316,0.0375
yn,17,4,6,1520,80,0.003947368421052632,0.075
yn,17,5,4,1520,80,0.002631578947368421,0.05
yn,17,6,2,1520,80,0.0013157894736842105,0.025
yn,17,7,3,1520,80,0.001973684210526316,0.0375
yn,17,8,4,1520,80,0.002631578947368421,0.05
yn,17,9,4,1520,80,0.002631578947368421,0.05
yn,17,10,6,1520,80,0.003947368421052632,0.075
yn,17,11,4,1520,80,0.002631578947368421,0.05
yn,17,12,5,1520,80,0.003289473684210526,0.0625
yn,17,13,3,1520,80,0.001973684210526316,0.0375
yn,17,14,5,1520,80,0.003289473684210526,0.0625
yn,17,15,1,1520,80,0.0006578947368421052,0.0125
yn,17,16,4,1520,80,0.002631578947368421,0.05
yn,17,18,5,1520,80,0.003289473684210526,0.0625
yn,17,19,2,1520,80,0.0013157894736842105,0.025
yn,18,0,5,1520,80,0.003289473684210526,0.0625
yn,18,1,0,1520,80,0.0,0.0
yn,18,2,5,1520,80,0.003289473684210526,0.0625
yn,18,3,3,1520,80,0.001973684210526316,0.0375
yn,18,4,2,1520,80,0.0013157894736842105,0.025
yn,18,5,2,1520,80,0.0013157894736842105,0.025
yn,18,6,4,1520,80,0.002631578947368421,0.05
yn,18,7,2,1520,80,0.0013157894736842105,0.025
yn,18,8,5,1520,80,0.003289473684210526,0.0625
yn,18,9,3,1520,80,0.001973684210526316,0.0375
yn,18,10,10,1520,80,0.006578947368421052,0.125
yn,18,11,2,1520,80,0.0013157894736842105,0.025
yn,18,12,4,1520,80,0.002631578947368421,0.05
yn,18,13,4,1520,80,0.002631578947368421,0.05
yn,18,14,2,1520,80,0.0013157894736842105,0.025
yn,18,15,2,1520,80,0.0013157894736842105,0.025
yn,18,16,5,1520,80,0.003289473684210526,0.0625
yn,18,17,6,1520,80,0.003947368421052632,0.075
yn,18,19,7,1520,80,0.004605263157894736,0.0875
yn,19,0,1,1520,80,0.0006578947368421052,0.0125
yn,19,1,3,1520,80,0.001973684210526316,0.0375
yn,19,2,1,1520,80,0.0006578947368421052,0.0125
yn,19,3,4,1520,80,0.002631578947368421,0.05
yn,19,4,2,1520,80,0.0013157894736842105,0.025
yn,19,5,2,1520,80,0.0013157894736842105,0.025
yn,19,6,3,1520,80,0.001973684210526316,0.0375
yn,19,7,3,1520,80,0.001973684210526316,0.0375
yn,19,8,4,1520,80,0.002631578947368421,0.05
yn,19,9,6,1520,80,0.003947368421052632,0.075
yn,19,10,1,1520,80,0.0006578947368421052,0.0125
yn,19,11,4,1520,80,0.002631578947368421,0.05
yn,19,12,3,1520,80,0.001973684210526316,0.0375
yn,19,13,3,1520,80,0.001973684210526316,0.0375
yn,19,14,2,1520,80,0.0013157894736842105,0.025
yn,19,15,3,1520,80,0.001973684210526316,0.0375
yn,19,16,7,1520,80,0.004605263157894736,0.0875
yn,19,17,3,1520,80,0.001973684210526316,0.0375
yn,19,18,1,1520,80,0.0006578947368421052,0.0125
