family,position,machine,count,jobs,total_jobs,frequency
abz,0,0,5,80,80,0.0625
abz,0,1,6,80,80,0.075
abz,0,2,5,80,80,0.0625
abz,0,3,5,80,80,0.0625
abz,0,4,5,80,80,0.0625
abz,0,5,8,80,80,0.1
abz,0,6,6,80,80,0.075
abz,0,7,5,80,80,0.0625
abz,0,8,8,80,80,0.1
abz,0,9,7,80,80,0.0875
abz,0,10,2,60,80,0.025
abz,0,11,5,60,80,0.0625
abz,0,12,4,60,80,0.05
abz,0,13,4,60,80,0.05
abz,0,14,5,60,80,0.0625
abz,1,0,6,80,80,0.075
abz,1,1,3,80,80,0.0375
abz,1,2,4,80,80,0.05
abz,1,3,12,80,80,0.15
abz,1,4,5,80,80,0.0625
abz,1,5,8,80,80,0.1
abz,1,6,6,80,80,0.075
abz,1,7,3,80,80,0.0375
abz,1,8,7,80,80,0.0875
abz,1,9,4,80,80,0.05
abz,1,10,6,60,80,0.075
abz,1,11,4,60,80,0.05
abz,1,12,5,60,80,0.0625
abz,1,13,3,60,80,0.0375
abz,1,14,4,60,80,0.05
abz,2,0,7,80,80,0.0875
abz,2,1,6,80,80,0.075
abz,2,2,5,80,80,0.0625
abz,2,3,6,80,80,0.075
abz,2,4,3,80,80,0.0375
abz,2,5,11,80,80,0.1375
abz,2,6,6,80,80,0.075
abz,2,7,5,80,80,0.0625
abz,2,8,5,80,80,0.0625
abz,2,9,5,80,80,0.0625
abz,2,10,2,60,80,0.025
abz,2,11,4,60,80,0.05
abz,2,12,6,60,80,0.075
abz,2,13,3,60,80,0.0375
abz,2,14,6,60,80,0.075
abz,3,0,0,80,80,0.0
abz,3,1,5,80,80,0.0625
abz,3,2,7,80,80,0.0875
abz,3,3,8,80,80,0.1
abz,3,4,5,80,80,0.0625
abz,3,5,3,80,80,0.0375
abz,3,6,8,80,80,0.1
abz,3,7,4,80,80,0.05
abz,3,8,13,80,80,0.1625
abz,3,9,7,80,80,0.0875
abz,3,10,2,60,80,0.025
abz,3,11,4,60,80,0.05
abz,3,12,7,60,80,0.0875
abz,3,13,4,60,80,0.05
abz,3,14,3,60,80,0.0375
abz,4,0,6,80,80,0.075
abz,4,1,8,80,80,0.1
abz,4,2,3,80,80,0.0375
abz,4,3,4,80,80,0.05
abz,4,4,11,80,80,0.1375
abz,4,5,8,80,80,0.1
abz,4,6,5,80,80,0.0625
abz,4,7,8,80,80,0.1
abz,4,8,5,80,80,0.0625
abz,4,9,6,80,80,0.075
abz,4,10,7,60,80,0.0875
abz,4,11,0,60,80,0.0
abz,4,12,2,60,80,0.025
abz,4,13,5,60,80,0.0625
abz,4,14,2,60,80,0.025
abz,5,0,7,80,80,0.0875
abz,5,1,5,80,80,0.0625
abz,5,2,5,80,80,0.0625
abz,5,3,5,80,80,0.0625
abz,5,4,7,80,80,0.0875
abz,5,5,8,80,80,0.1
abz,5,6,12,80,80,0.15
abz,5,7,5,80,80,0.0625
abz,5,8,6,80,80,0.075
abz,5,9,5,80,80,0.0625
abz,5,10,2,60,80,0.025
abz,5,11,3,60,80,0.0375
abz,5,12,3,60,80,0.0375
abz,5,13,3,60,80,0.0375
abz,5,14,4,60,80,0.05
abz,6,0,7,80,80,0.0875
abz,6,1,2,80,80,0.025
abz,6,2,7,80,80,0.0875
abz,6,3,2,80,80,0.025
abz,6,4,5,80,80,0.0625
abz,6,5,7,80,80,0.0875
abz,6,6,7,80,80,0.0875
abz,6,7,7,80,80,0.0875
abz,6,8,9,80,80,0.1125
abz,6,9,6,80,80,0.075
abz,6,10,2,60,80,0.025
abz,6,11,4,60,80,0.05
abz,6,12,3,60,80,0.0375
abz,6,13,5,60,80,0.0625
abz,6,14,7,60,80,0.0875
abz,7,0,8,80,80,0.1
abz,7,1,4,80,80,0.05
abz,7,2,5,80,80,0.0625
abz,7,3,9,80,80,0.1125
abz,7,4,11,80,80,0.1375
abz,7,5,8,80,80,0.1
abz,7,6,4,80,80,0.05
abz,7,7,6,80,80,0.075
abz,7,8,4,80,80,0.05
abz,7,9,4,80,80,0.05
abz,7,10,4,60,80,0.05
abz,7,11,2,60,80,0.025
abz,7,12,2,60,80,0.025
abz,7,13,7,60,80,0.0875
abz,7,14,2,60,80,0.025
abz,8,0,10,80,80,0.125
abz,8,1,6,80,80,0.075
abz,8,2,5,80,80,0.0625
abz,8,3,9,80,80,0.1125
abz,8,4,2,80,80,0.025
abz,8,5,5,80,80,0.0625
abz,8,6,3,80,80,0.0375
abz,8,7,7,80,80,0.0875
abz,8,8,5,80,80,0.0625
abz,8,9,8,80,80,0.1
abz,8,10,6,60,80,0.075
abz,8,11,4,60,80,0.05
abz,8,12,3,60,80,0.0375
abz,8,13,4,60,80,0.05
abz,8,14,3,60,80,0.0375
abz,9,0,3,80,80,0.0375
abz,9,1,6,80,80,0.075
abz,9,2,11,80,80,0.1375
abz,9,3,8,80,80,0.1
abz,9,4,1,80,80,0.0125
abz,9,5,4,80,80,0.05
abz,9,6,6,80,80,0.075
abz,9,7,9,80,80,0.1125
abz,9,8,3,80,80,0.0375
abz,9,9,9,80,80,0.1125
abz,9,10,4,60,80,0.05
abz,9,11,6,60,80,0.075
abz,9,12,4,60,80,0.05
abz,9,13,5,60,80,0.0625
abz,9,14,1,60,80,0.0125
abz,10,0,2,60,80,0.025
abz,10,1,6,60,80,0.075
abz,10,2,6,60,80,0.075
abz,10,3,1,60,80,0.0125
abz,10,4,9,60,80,0.1125
abz,10,5,1,60,80,0.0125
abz,10,6,4,60,80,0.05
abz,10,7,6,60,80,0.075
abz,10,8,1,60,80,0.0125
abz,10,9,2,60,80,0.025
abz,10,10,7,60,80,0.0875
abz,10,11,5,60,80,0.0625
abz,10,12,3,60,80,0.0375
abz,10,13,1,60,80,0.0125
abz,10,14,6,60,80,0.075
abz,11,0,2,60,80,0.025
abz,11,1,10,60,80,0.125
abz,11,2,5,60,80,0.0625
abz,11,3,5,60,80,0.0625
abz,11,4,5,60,80,0.0625
abz,11,5,1,60,80,0.0125
abz,11,6,1,60,80,0.0125
abz,11,7,2,60,80,0.025
abz,11,8,2,60,80,0.025
abz,11,9,3,60,80,0.0375
abz,11,10,5,60,80,0.0625
abz,11,11,7,60,80,0.0875
abz,11,12,3,60,80,0.0375
abz,11,13,3,60,80,0.0375
abz,11,14,6,60,80,0.075
abz,12,0,5,60,80,0.0625
abz,12,1,6,60,80,0.075
abz,12,2,3,60,80,0.0375
abz,12,3,5,60,80,0.0625
abz,12,4,2,60,80,0.025
abz,12,5,5,60,80,0.0625
abz,12,6,4,60,80,0.05
abz,12,7,3,60,80,0.0375
abz,12,8,2,60,80,0.025
abz,12,9,3,60,80,0.0375
abz,12,10,2,60,80,0.025
abz,12,11,6,60,80,0.075
abz,12,12,3,60,80,0.0375
abz,12,13,5,60,80,0.0625
abz,12,14,6,60,80,0.075
abz,13,0,4,60,80,0.05
abz,13,1,3,60,80,0.0375
abz,13,2,5,60,80,0.0625
abz,13,3,0,60,80,0.0
abz,13,4,6,60,80,0.075
abz,13,5,1,60,80,0.0125
abz,13,6,3,60,80,0.0375
abz,13,7,5,60,80,0.0625
abz,13,8,4,60,80,0.05
abz,13,9,7,60,80,0.0875
abz,13,10,3,60,80,0.0375
abz,13,11,4,60,80,0.05
abz,13,12,7,60,80,0.0875
abz,13,13,5,60,80,0.0625
abz,13,14,3,60,80,0.0375
abz,14,0,8,60,80,0.1
abz,14,1,4,60,80,0.05
abz,14,2,4,60,80,0.05
abz,14,3,1,60,80,0.0125
abz,14,4,3,60,80,0.0375
abz,14,5,2,60,80,0.025
abz,14,6,5,60,80,0.0625
abz,14,7,5,60,80,0.0625
abz,14,8,6,60,80,0.075
abz,14,9,4,60,80,0.05
abz,14,10,6,60,80,0.075
abz,14,11,2,60,80,0.025
abz,14,12,5,60,80,0.0625
abz,14,13,3,60,80,0.0375
abz,14,14,2,60,80,0.025
ft,0,0,11,36,36,0.3055555555555556
ft,0,1,14,36,36,0.3888888888888889
ft,0,2,11,36,36,0.3055555555555556
ft,0,3,0,36,36,0.0
ft,0,4,0,36,36,0.0
ft,0,5,0,16,36,0.0
ft,0,6,0,10,36,0.0
ft,0,7,0,10,36,0.0
ft,0,8,0,10,36,0.0
ft,0,9,0,10,36,0.0
ft,1,0,13,36,36,0.3611111111111111
ft,1,1,12,36,36,0.3333333333333333
ft,1,2,7,36,36,0.19444444444444445
ft,1,3,4,36,36,0.1111111111111111
ft,1,4,0,36,36,0.0
ft,1,5,0,16,36,0.0
ft,1,6,0,10,36,0.0
ft,1,7,0,10,36,0.0
ft,1,8,0,10,36,0.0
ft,1,9,0,10,36,0.0
ft,2,0,6,36,36,0.16666666666666666
ft,2,1,7,36,36,0.19444444444444445
ft,2,2,8,36,36,0.2222222222222222
ft,2,3,5,36,36,0.1388888888888889
ft,2,4,7,36,36,0.19444444444444445
ft,2,5,3,16,36,0.08333333333333333
ft,2,6,0,10,36,0.0
ft,2,7,0,10,36,0.0
ft,2,8,0,10,36,0.0
ft,2,9,0,10,36,0.0
ft,3,0,3,36,36,0.08333333333333333
ft,3,1,1,36,36,0.027777777777777776
ft,3,2,6,36,36,0.16666666666666666
ft,3,3,15,36,36,0.4166666666666667
ft,3,4,4,36,36,0.1111111111111111
ft,3,5,5,16,36,0.1388888888888889
ft,3,6,1,10,36,0.027777777777777776
ft,3,7,0,10,36,0.0
ft,3,8,0,10,36,0.0
ft,3,9,1,10,36,0.027777777777777776
ft,4,0,2,36,36,0.05555555555555555
ft,4,1,1,36,36,0.027777777777777776
ft,4,2,3,36,36,0.08333333333333333
ft,4,3,7,36,36,0.19444444444444445
ft,4,4,17,36,36,0.4722222222222222
ft,4,5,1,16,36,0.027777777777777776
ft,4,6,2,10,36,0.05555555555555555
ft,4,7,0,10,36,0.0
ft,4,8,3,10,36,0.08333333333333333
ft,4,9,0,10,36,0.0
ft,5,0,0,16,36,0.0
ft,5,1,1,16,36,0.027777777777777776
ft,5,2,1,16,36,0.027777777777777776
ft,5,3,2,16,36,0.05555555555555555
ft,5,4,3,16,36,0.08333333333333333
ft,5,5,4,16,36,0.1111111111111111
ft,5,6,1,10,36,0.027777777777777776
ft,5,7,0,10,36,0.0
ft,5,8,1,10,36,0.027777777777777776
ft,5,9,3,10,36,0.08333333333333333
ft,6,0,1,10,36,0.027777777777777776
ft,6,1,0,10,36,0.0
ft,6,2,0,10,36,0.0
ft,6,3,0,10,36,0.0
ft,6,4,0,10,36,0.0
ft,6,5,1,10,36,0.027777777777777776
ft,6,6,3,10,36,0.08333333333333333
ft,6,7,2,10,36,0.05555555555555555
ft,6,8,2,10,36,0.05555555555555555
ft,6,9,1,10,36,0.027777777777777776
ft,7,0,0,10,36,0.0
ft,7,1,0,10,36,0.0
ft,7,2,0,10,36,0.0
ft,7,3,2,10,36,0.05555555555555555
ft,7,4,0,10,36,0.0
ft,7,5,1,10,36,0.027777777777777776
ft,7,6,2,10,36,0.05555555555555555
ft,7,7,3,10,36,0.08333333333333333
ft,7,8,1,10,36,0.027777777777777776
ft,7,9,1,10,36,0.027777777777777776
ft,8,0,0,10,36,0.0
ft,8,1,0,10,36,0.0
ft,8,2,0,10,36,0.0
ft,8,3,0,10,36,0.0
ft,8,4,3,10,36,0.08333333333333333
ft,8,5,0,10,36,0.0
ft,8,6,0,10,36,0.0
ft,8,7,3,10,36,0.08333333333333333
ft,8,8,1,10,36,0.027777777777777776
ft,8,9,3,10,36,0.08333333333333333
ft,9,0,0,10,36,0.0
ft,9,1,0,10,36,0.0
ft,9,2,0,10,36,0.0
ft,9,3,1,10,36,0.027777777777777776
ft,9,4,2,10,36,0.05555555555555555
ft,9,5,1,10,36,0.027777777777777776
ft,9,6,1,10,36,0.027777777777777776
ft,9,7,2,10,36,0.05555555555555555
ft,9,8,2,10,36,0.05555555555555555
ft,9,9,1,10,36,0.027777777777777776
la,0,0,86,675,675,0.1274074074074074
la,0,1,110,675,675,0.16296296296296298
la,0,2,97,675,675,0.1437037037037037
la,0,3,81,675,675,0.12
la,0,4,104,675,675,0.15407407407407409
la,0,5,32,450,675,0.047407407407407405
la,0,6,31,450,675,0.045925925925925926
la,0,7,36,450,675,0.05333333333333334
la,0,8,31,450,675,0.045925925925925926
la,0,9,41,450,675,0.06074074074074074
la,0,10,8,75,675,0.011851851851851851
la,0,11,7,75,675,0.01037037037037037
la,0,12,3,75,675,0.0044444444444444444
la,0,13,3,75,675,0.0044444444444444444
la,0,14,5,75,675,0.007407407407407408
la,1,0,89,675,675,0.13185185185185186
la,1,1,85,675,675,0.1259259259259259
la,1,2,105,675,675,0.15555555555555556
la,1,3,110,675,675,0.16296296296296298
la,1,4,73,675,675,0.10814814814814815
la,1,5,56,450,675,0.08296296296296296
la,1,6,36,450,675,0.05333333333333334
la,1,7,48,450,675,0.07111111111111111
la,1,8,29,450,675,0.04296296296296296
la,1,9,25,450,675,0.037037037037037035
la,1,10,5,75,675,0.007407407407407408
la,1,11,1,75,675,0.0014814814814814814
la,1,12,5,75,675,0.007407407407407408
la,1,13,3,75,675,0.0044444444444444444
la,1,14,5,75,675,0.007407407407407408
la,2,0,99,675,675,0.14666666666666667
la,2,1,70,675,675,0.1037037037037037
la,2,2,84,675,675,0.12444444444444444
la,2,3,95,675,675,0.14074074074074075
la,2,4,108,675,675,0.16
la,2,5,41,450,675,0.06074074074074074
la,2,6,48,450,675,0.07111111111111111
la,2,7,34,450,675,0.05037037037037037
la,2,8,42,450,675,0.06222222222222222
la,2,9,37,450,675,0.054814814814814816
la,2,10,4,75,675,0.005925925925925926
la,2,11,7,75,675,0.01037037037037037
la,2,12,3,75,675,0.0044444444444444444
la,2,13,3,75,675,0.0044444444444444444
la,2,14,0,75,675,0.0
la,3,0,81,675,675,0.12
la,3,1,79,675,675,0.11703703703703704
la,3,2,86,675,675,0.1274074074074074
la,3,3,83,675,675,0.12296296296296297
la,3,4,105,675,675,0.15555555555555556
la,3,5,63,450,675,0.09333333333333334
la,3,6,46,450,675,0.06814814814814815
la,3,7,39,450,675,0.057777777777777775
la,3,8,38,450,675,0.056296296296296296
la,3,9,35,450,675,0.05185185185185185
la,3,10,1,75,675,0.0014814814814814814
la,3,11,3,75,675,0.0044444444444444444
la,3,12,7,75,675,0.01037037037037037
la,3,13,4,75,675,0.005925925925925926
la,3,14,5,75,675,0.007407407407407408
la,4,0,85,675,675,0.1259259259259259
la,4,1,101,675,675,0.14962962962962964
la,4,2,102,675,675,0.1511111111111111
la,4,3,86,675,675,0.1274074074074074
la,4,4,93,675,675,0.13777777777777778
la,4,5,17,450,675,0.025185185185185185
la,4,6,33,450,675,0.04888888888888889
la,4,7,44,450,675,0.06518518518518518
la,4,8,44,450,675,0.06518518518518518
la,4,9,42,450,675,0.06222222222222222
la,4,10,7,75,675,0.01037037037037037
la,4,11,6,75,675,0.008888888888888889
la,4,12,3,75,675,0.0044444444444444444
la,4,13,3,75,675,0.0044444444444444444
la,4,14,9,75,675,0.013333333333333334
la,5,0,40,450,675,0.05925925925925926
la,5,1,26,450,675,0.03851851851851852
la,5,2,31,450,675,0.045925925925925926
la,5,3,52,450,675,0.07703703703703704
la,5,4,29,450,675,0.04296296296296296
la,5,5,41,450,675,0.06074074074074074
la,5,6,68,450,675,0.10074074074074074
la,5,7,43,450,675,0.0637037037037037
la,5,8,56,450,675,0.08296296296296296
la,5,9,33,450,675,0.04888888888888889
la,5,10,5,75,675,0.007407407407407408
la,5,11,4,75,675,0.005925925925925926
la,5,12,7,75,675,0.01037037037037037
la,5,13,6,75,675,0.008888888888888889
la,5,14,9,75,675,0.013333333333333334
la,6,0,37,450,675,0.054814814814814816
la,6,1,31,450,675,0.045925925925925926
la,6,2,36,450,675,0.05333333333333334
la,6,3,42,450,675,0.06222222222222222
la,6,4,37,450,675,0.054814814814814816
la,6,5,40,450,675,0.05925925925925926
la,6,6,44,450,675,0.06518518518518518
la,6,7,44,450,675,0.06518518518518518
la,6,8,68,450,675,0.10074074074074074
la,6,9,49,450,675,0.0725925925925926
la,6,10,3,75,675,0.0044444444444444444
la,6,11,6,75,675,0.008888888888888889
la,6,12,6,75,675,0.008888888888888889
la,6,13,2,75,675,0.002962962962962963
la,6,14,5,75,675,0.007407407407407408
la,7,0,51,450,675,0.07555555555555556
la,7,1,37,450,675,0.054814814814814816
la,7,2,29,450,675,0.04296296296296296
la,7,3,39,450,675,0.057777777777777775
la,7,4,35,450,675,0.05185185185185185
la,7,5,51,450,675,0.07555555555555556
la,7,6,44,450,675,0.06518518518518518
la,7,7,29,450,675,0.04296296296296296
la,7,8,54,450,675,0.08
la,7,9,57,450,675,0.08444444444444445
la,7,10,6,75,675,0.008888888888888889
la,7,11,4,75,675,0.005925925925925926
la,7,12,4,75,675,0.005925925925925926
la,7,13,8,75,675,0.011851851851851851
la,7,14,2,75,675,0.002962962962962963
la,8,0,26,450,675,0.03851851851851852
la,8,1,56,450,675,0.08296296296296296
la,8,2,38,450,675,0.056296296296296296
la,8,3,36,450,675,0.05333333333333334
la,8,4,26,450,675,0.03851851851851852
la,8,5,43,450,675,0.0637037037037037
la,8,6,39,450,675,0.057777777777777775
la,8,7,53,450,675,0.07851851851851852
la,8,8,25,450,675,0.037037037037037035
la,8,9,77,450,675,0.11407407407407408
la,8,10,8,75,675,0.011851851851851851
la,8,11,6,75,675,0.008888888888888889
la,8,12,6,75,675,0.008888888888888889
la,8,13,8,75,675,0.011851851851851851
la,8,14,3,75,675,0.0044444444444444444
la,9,0,56,450,675,0.08296296296296296
la,9,1,53,450,675,0.07851851851851852
la,9,2,32,450,675,0.047407407407407405
la,9,3,29,450,675,0.04296296296296296
la,9,4,47,450,675,0.06962962962962962
la,9,5,45,450,675,0.06666666666666667
la,9,6,42,450,675,0.06222222222222222
la,9,7,53,450,675,0.07851851851851852
la,9,8,36,450,675,0.05333333333333334
la,9,9,34,450,675,0.05037037037037037
la,9,10,6,75,675,0.008888888888888889
la,9,11,4,75,675,0.005925925925925926
la,9,12,3,75,675,0.0044444444444444444
la,9,13,10,75,675,0.014814814814814815
la,9,14,0,75,675,0.0
la,10,0,4,75,675,0.005925925925925926
la,10,1,5,75,675,0.007407407407407408
la,10,2,8,75,675,0.011851851851851851
la,10,3,3,75,675,0.0044444444444444444
la,10,4,1,75,675,0.0014814814814814814
la,10,5,8,75,675,0.011851851851851851
la,10,6,5,75,675,0.007407407407407408
la,10,7,5,75,675,0.007407407407407408
la,10,8,6,75,675,0.008888888888888889
la,10,9,2,75,675,0.002962962962962963
la,10,10,1,75,675,0.0014814814814814814
la,10,11,12,75,675,0.017777777777777778
la,10,12,6,75,675,0.008888888888888889
la,10,13,5,75,675,0.007407407407407408
la,10,14,4,75,675,0.005925925925925926
la,11,0,3,75,675,0.0044444444444444444
la,11,1,7,75,675,0.01037037037037037
la,11,2,2,75,675,0.002962962962962963
la,11,3,4,75,675,0.005925925925925926
la,11,4,3,75,675,0.0044444444444444444
la,11,5,4,75,675,0.005925925925925926
la,11,6,6,75,675,0.008888888888888889
la,11,7,10,75,675,0.014814814814814815
la,11,8,9,75,675,0.013333333333333334
la,11,9,3,75,675,0.0044444444444444444
la,11,10,6,75,675,0.008888888888888889
la,11,11,3,75,675,0.0044444444444444444
la,11,12,2,75,675,0.002962962962962963
la,11,13,8,75,675,0.011851851851851851
la,11,14,5,75,675,0.007407407407407408
la,12,0,4,75,675,0.005925925925925926
la,12,1,4,75,675,0.005925925925925926
la,12,2,11,75,675,0.016296296296296295
la,12,3,7,75,675,0.01037037037037037
la,12,4,5,75,675,0.007407407407407408
la,12,5,1,75,675,0.0014814814814814814
la,12,6,3,75,675,0.0044444444444444444
la,12,7,3,75,675,0.0044444444444444444
la,12,8,3,75,675,0.0044444444444444444
la,12,9,4,75,675,0.005925925925925926
la,12,10,9,75,675,0.013333333333333334
la,12,11,2,75,675,0.002962962962962963
la,12,12,6,75,675,0.008888888888888889
la,12,13,6,75,675,0.008888888888888889
la,12,14,7,75,675,0.01037037037037037
la,13,0,2,75,675,0.002962962962962963
la,13,1,5,75,675,0.007407407407407408
la,13,2,9,75,675,0.013333333333333334
la,13,3,3,75,675,0.0044444444444444444
la,13,4,3,75,675,0.0044444444444444444
la,13,5,4,75,675,0.005925925925925926
la,13,6,3,75,675,0.0044444444444444444
la,13,7,4,75,675,0.005925925925925926
la,13,8,4,75,675,0.005925925925925926
la,13,9,5,75,675,0.007407407407407408
la,13,10,5,75,675,0.007407407407407408
la,13,11,4,75,675,0.005925925925925926
la,13,12,10,75,675,0.014814814814814815
la,13,13,3,75,675,0.0044444444444444444
la,13,14,11,75,675,0.016296296296296295
la,14,0,12,75,675,0.017777777777777778
la,14,1,6,75,675,0.008888888888888889
la,14,2,5,75,675,0.007407407407407408
la,14,3,5,75,675,0.007407407407407408
la,14,4,6,75,675,0.008888888888888889
la,14,5,4,75,675,0.005925925925925926
la,14,6,2,75,675,0.002962962962962963
la,14,7,5,75,675,0.007407407407407408
la,14,8,5,75,675,0.007407407407407408
la,14,9,6,75,675,0.008888888888888889
la,14,10,1,75,675,0.0014814814814814814
la,14,11,6,75,675,0.008888888888888889
la,14,12,4,75,675,0.005925925925925926
la,14,13,3,75,675,0.0044444444444444444
la,14,14,5,75,675,0.007407407407407408
orb,0,0,52,100,100,0.52
orb,0,1,12,100,100,0.12
orb,0,2,16,100,100,0.16
orb,0,3,0,100,100,0.0
orb,0,4,6,100,100,0.06
orb,0,5,0,100,100,0.0
orb,0,6,0,100,100,0.0
orb,0,7,0,100,100,0.0
orb,0,8,4,100,100,0.04
orb,0,9,10,100,100,0.1
orb,1,0,12,100,100,0.12
orb,1,1,30,100,100,0.3
orb,1,2,10,100,100,0.1
orb,1,3,12,100,100,0.12
orb,1,4,0,100,100,0.0
orb,1,5,4,100,100,0.04
orb,1,6,10,100,100,0.1
orb,1,7,2,100,100,0.02
orb,1,8,12,100,100,0.12
orb,1,9,8,100,100,0.08
orb,2,0,14,100,100,0.14
orb,2,1,6,100,100,0.06
orb,2,2,16,100,100,0.16
orb,2,3,16,100,100,0.16
orb,2,4,22,100,100,0.22
orb,2,5,4,100,100,0.04
orb,2,6,4,100,100,0.04
orb,2,7,6,100,100,0.06
orb,2,8,6,100,100,0.06
orb,2,9,6,100,100,0.06
orb,3,0,6,100,100,0.06
orb,3,1,4,100,100,0.04
orb,3,2,8,100,100,0.08
orb,3,3,30,100,100,0.3
orb,3,4,12,100,100,0.12
orb,3,5,4,100,100,0.04
orb,3,6,4,100,100,0.04
orb,3,7,14,100,100,0.14
orb,3,8,12,100,100,0.12
orb,3,9,6,100,100,0.06
orb,4,0,0,100,100,0.0
orb,4,1,12,100,100,0.12
orb,4,2,12,100,100,0.12
orb,4,3,8,100,100,0.08
orb,4,4,24,100,100,0.24
orb,4,5,18,100,100,0.18
orb,4,6,12,100,100,0.12
orb,4,7,4,100,100,0.04
orb,4,8,6,100,100,0.06
orb,4,9,4,100,100,0.04
orb,5,0,0,100,100,0.0
orb,5,1,6,100,100,0.06
orb,5,2,10,100,100,0.1
orb,5,3,8,100,100,0.08
orb,5,4,12,100,100,0.12
orb,5,5,32,100,100,0.32
orb,5,6,14,100,100,0.14
orb,5,7,12,100,100,0.12
orb,5,8,4,100,100,0.04
orb,5,9,2,100,100,0.02
orb,6,0,0,100,100,0.0
orb,6,1,2,100,100,0.02
orb,6,2,6,100,100,0.06
orb,6,3,16,100,100,0.16
orb,6,4,12,100,100,0.12
orb,6,5,10,100,100,0.1
orb,6,6,26,100,100,0.26
orb,6,7,14,100,100,0.14
orb,6,8,6,100,100,0.06
orb,6,9,8,100,100,0.08
orb,7,0,0,100,100,0.0
orb,7,1,2,100,100,0.02
orb,7,2,16,100,100,0.16
orb,7,3,2,100,100,0.02
orb,7,4,4,100,100,0.04
orb,7,5,12,100,100,0.12
orb,7,6,14,100,100,0.14
orb,7,7,28,100,100,0.28
orb,7,8,6,100,100,0.06
orb,7,9,16,100,100,0.16
orb,8,0,4,100,100,0.04
orb,8,1,14,100,100,0.14
orb,8,2,4,100,100,0.04
orb,8,3,6,100,100,0.06
orb,8,4,2,100,100,0.02
orb,8,5,8,100,100,0.08
orb,8,6,8,100,100,0.08
orb,8,7,14,100,100,0.14
orb,8,8,26,100,100,0.26
orb,8,9,14,100,100,0.14
orb,9,0,12,100,100,0.12
orb,9,1,12,100,100,0.12
orb,9,2,2,100,100,0.02
orb,9,3,2,100,100,0.02
orb,9,4,6,100,100,0.06
orb,9,5,8,100,100,0.08
orb,9,6,8,100,100,0.08
orb,9,7,6,100,100,0.06
orb,9,8,18,100,100,0.18
orb,9,9,26,100,100,0.26
swv,0,0,100,700,700,0.14285714285714285
swv,0,1,97,700,700,0.13857142857142857
swv,0,2,109,700,700,0.15571428571428572
swv,0,3,111,700,700,0.15857142857142856
swv,0,4,120,700,700,0.17142857142857143
swv,0,5,37,700,700,0.05285714285714286
swv,0,6,46,700,700,0.06571428571428571
swv,0,7,29,700,700,0.041428571428571426
swv,0,8,19,700,700,0.027142857142857142
swv,0,9,32,700,700,0.045714285714285714
swv,0,10,0,100,700,0.0
swv,0,11,0,100,700,0.0
swv,0,12,0,100,700,0.0
swv,0,13,0,100,700,0.0
swv,0,14,0,100,700,0.0
swv,1,0,120,700,700,0.17142857142857143
swv,1,1,119,700,700,0.17
swv,1,2,105,700,700,0.15
swv,1,3,85,700,700,0.12142857142857143
swv,1,4,107,700,700,0.15285714285714286
swv,1,5,40,700,700,0.05714285714285714
swv,1,6,46,700,700,0.06571428571428571
swv,1,7,28,700,700,0.04
swv,1,8,26,700,700,0.037142857142857144
swv,1,9,24,700,700,0.03428571428571429
swv,1,10,0,100,700,0.0
swv,1,11,0,100,700,0.0
swv,1,12,0,100,700,0.0
swv,1,13,0,100,700,0.0
swv,1,14,0,100,700,0.0
swv,2,0,113,700,700,0.16142857142857142
swv,2,1,116,700,700,0.1657142857142857
swv,2,2,106,700,700,0.15142857142857144
swv,2,3,128,700,700,0.18285714285714286
swv,2,4,107,700,700,0.15285714285714286
swv,2,5,32,700,700,0.045714285714285714
swv,2,6,38,700,700,0.054285714285714284
swv,2,7,11,700,700,0.015714285714285715
swv,2,8,29,700,700,0.041428571428571426
swv,2,9,20,700,700,0.02857142857142857
swv,2,10,0,100,700,0.0
swv,2,11,0,100,700,0.0
swv,2,12,0,100,700,0.0
swv,2,13,0,100,700,0.0
swv,2,14,0,100,700,0.0
swv,3,0,120,700,700,0.17142857142857143
swv,3,1,93,700,700,0.13285714285714287
swv,3,2,123,700,700,0.1757142857142857
swv,3,3,121,700,700,0.17285714285714285
swv,3,4,95,700,700,0.1357142857142857
swv,3,5,36,700,700,0.05142857142857143
swv,3,6,38,700,700,0.054285714285714284
swv,3,7,30,700,700,0.04285714285714286
swv,3,8,24,700,700,0.03428571428571429
swv,3,9,20,700,700,0.02857142857142857
swv,3,10,0,100,700,0.0
swv,3,11,0,100,700,0.0
swv,3,12,0,100,700,0.0
swv,3,13,0,100,700,0.0
swv,3,14,0,100,700,0.0
swv,4,0,109,700,700,0.15571428571428572
swv,4,1,125,700,700,0.17857142857142858
swv,4,2,109,700,700,0.15571428571428572
swv,4,3,102,700,700,0.1457142857142857
swv,4,4,91,700,700,0.13
swv,4,5,42,700,700,0.06
swv,4,6,47,700,700,0.06714285714285714
swv,4,7,25,700,700,0.03571428571428571
swv,4,8,23,700,700,0.032857142857142856
swv,4,9,27,700,700,0.03857142857142857
swv,4,10,0,100,700,0.0
swv,4,11,0,100,700,0.0
swv,4,12,0,100,700,0.0
swv,4,13,0,100,700,0.0
swv,4,14,0,100,700,0.0
swv,5,0,32,700,700,0.045714285714285714
swv,5,1,44,700,700,0.06285714285714286
swv,5,2,41,700,700,0.05857142857142857
swv,5,3,37,700,700,0.05285714285714286
swv,5,4,41,700,700,0.05857142857142857
swv,5,5,116,700,700,0.1657142857142857
swv,5,6,85,700,700,0.12142857142857143
swv,5,7,112,700,700,0.16
swv,5,8,96,700,700,0.13714285714285715
swv,5,9,96,700,700,0.13714285714285715
swv,5,10,0,100,700,0.0
swv,5,11,0,100,700,0.0
swv,5,12,0,100,700,0.0
swv,5,13,0,100,700,0.0
swv,5,14,0,100,700,0.0
swv,6,0,38,700,700,0.054285714285714284
swv,6,1,35,700,700,0.05
swv,6,2,37,700,700,0.05285714285714286
swv,6,3,38,700,700,0.054285714285714284
swv,6,4,46,700,700,0.06571428571428571
swv,6,5,121,700,700,0.17285714285714285
swv,6,6,102,700,700,0.1457142857142857
swv,6,7,110,700,700,0.15714285714285714
swv,6,8,87,700,700,0.12428571428571429
swv,6,9,86,700,700,0.12285714285714286
swv,6,10,0,100,700,0.0
swv,6,11,0,100,700,0.0
swv,6,12,0,100,700,0.0
swv,6,13,0,100,700,0.0
swv,6,14,0,100,700,0.0
swv,7,0,22,700,700,0.03142857142857143
swv,7,1,21,700,700,0.03
swv,7,2,19,700,700,0.027142857142857142
swv,7,3,30,700,700,0.04285714285714286
swv,7,4,35,700,700,0.05
swv,7,5,103,700,700,0.14714285714285713
swv,7,6,83,700,700,0.11857142857142858
swv,7,7,103,700,700,0.14714285714285713
swv,7,8,105,700,700,0.15
swv,7,9,121,700,700,0.17285714285714285
swv,7,10,13,100,700,0.018571428571428572
swv,7,11,5,100,700,0.007142857142857143
swv,7,12,10,100,700,0.014285714285714285
swv,7,13,13,100,700,0.018571428571428572
swv,7,14,17,100,700,0.024285714285714285
swv,8,0,18,700,700,0.025714285714285714
swv,8,1,28,700,700,0.04
swv,8,2,27,700,700,0.03857142857142857
swv,8,3,24,700,700,0.03428571428571429
swv,8,4,28,700,700,0.04
swv,8,5,89,700,700,0.12714285714285714
swv,8,6,113,700,700,0.16142857142857142
swv,8,7,93,700,700,0.13285714285714287
swv,8,8,114,700,700,0.16285714285714287
swv,8,9,101,700,700,0.1442857142857143
swv,8,10,12,100,700,0.017142857142857144
swv,8,11,12,100,700,0.017142857142857144
swv,8,12,14,100,700,0.02
swv,8,13,11,100,700,0.015714285714285715
swv,8,14,16,100,700,0.022857142857142857
swv,9,0,28,700,700,0.04
swv,9,1,22,700,700,0.03142857142857143
swv,9,2,24,700,700,0.03428571428571429
swv,9,3,24,700,700,0.03428571428571429
swv,9,4,30,700,700,0.04285714285714286
swv,9,5,84,700,700,0.12
swv,9,6,102,700,700,0.1457142857142857
swv,9,7,94,700,700,0.13428571428571429
swv,9,8,119,700,700,0.17
swv,9,9,111,700,700,0.15857142857142856
swv,9,10,14,100,700,0.02
swv,9,11,16,100,700,0.022857142857142857
swv,9,12,19,100,700,0.027142857142857142
swv,9,13,9,100,700,0.012857142857142857
swv,9,14,4,100,700,0.005714285714285714
swv,10,0,0,100,700,0.0
swv,10,1,0,100,700,0.0
swv,10,2,0,100,700,0.0
swv,10,3,0,100,700,0.0
swv,10,4,0,100,700,0.0
swv,10,5,0,100,700,0.0
swv,10,6,0,100,700,0.0
swv,10,7,7,100,700,0.01
swv,10,8,13,100,700,0.018571428571428572
swv,10,9,13,100,700,0.018571428571428572
swv,10,10,18,100,700,0.025714285714285714
swv,10,11,10,100,700,0.014285714285714285
swv,10,12,11,100,700,0.015714285714285715
swv,10,13,13,100,700,0.018571428571428572
swv,10,14,15,100,700,0.02142857142857143
swv,11,0,0,100,700,0.0
swv,11,1,0,100,700,0.0
swv,11,2,0,100,700,0.0
swv,11,3,0,100,700,0.0
swv,11,4,0,100,700,0.0
swv,11,5,0,100,700,0.0
swv,11,6,0,100,700,0.0
swv,11,7,11,100,700,0.015714285714285715
swv,11,8,11,100,700,0.015714285714285715
swv,11,9,11,100,700,0.015714285714285715
swv,11,10,8,100,700,0.011428571428571429
swv,11,11,16,100,700,0.022857142857142857
swv,11,12,10,100,700,0.014285714285714285
swv,11,13,19,100,700,0.027142857142857142
swv,11,14,14,100,700,0.02
swv,12,0,0,100,700,0.0
swv,12,1,0,100,700,0.0
swv,12,2,0,100,700,0.0
swv,12,3,0,100,700,0.0
swv,12,4,0,100,700,0.0
swv,12,5,0,100,700,0.0
swv,12,6,0,100,700,0.0
swv,12,7,18,100,700,0.025714285714285714
swv,12,8,13,100,700,0.018571428571428572
swv,12,9,11,100,700,0.015714285714285715
swv,12,10,12,100,700,0.017142857142857144
swv,12,11,12,100,700,0.017142857142857144
swv,12,12,13,100,700,0.018571428571428572
swv,12,13,9,100,700,0.012857142857142857
swv,12,14,12,100,700,0.017142857142857144
swv,13,0,0,100,700,0.0
swv,13,1,0,100,700,0.0
swv,13,2,0,100,700,0.0
swv,13,3,0,100,700,0.0
swv,13,4,0,100,700,0.0
swv,13,5,0,100,700,0.0
swv,13,6,0,100,700,0.0
swv,13,7,15,100,700,0.02142857142857143
swv,13,8,11,100,700,0.015714285714285715
swv,13,9,14,100,700,0.02
swv,13,10,10,100,700,0.014285714285714285
swv,13,11,14,100,700,0.02
swv,13,12,10,100,700,0.014285714285714285
swv,13,13,16,100,700,0.022857142857142857
swv,13,14,10,100,700,0.014285714285714285
swv,14,0,0,100,700,0.0
swv,14,1,0,100,700,0.0
swv,14,2,0,100,700,0.0
swv,14,3,0,100,700,0.0
swv,14,4,0,100,700,0.0
swv,14,5,0,100,700,0.0
swv,14,6,0,100,700,0.0
swv,14,7,14,100,700,0.02
swv,14,8,10,100,700,0.014285714285714285
swv,14,9,13,100,700,0.018571428571428572
swv,14,10,13,100,700,0.018571428571428572
swv,14,11,15,100,700,0.02142857142857143
swv,14,12,13,100,700,0.018571428571428572
swv,14,13,10,100,700,0.014285714285714285
swv,14,14,12,100,700,0.017142857142857144
ta,0,0,149,3150,3150,0.0473015873015873
ta,0,1,168,3150,3150,0.05333333333333334
ta,0,2,192,3150,3150,0.06095238095238095
ta,0,3,156,3150,3150,0.049523809523809526
ta,0,4,165,3150,3150,0.05238095238095238
ta,0,5,181,3150,3150,0.05746031746031746
ta,0,6,170,3150,3150,0.05396825396825397
ta,0,7,205,3150,3150,0.06507936507936508
ta,0,8,180,3150,3150,0.05714285714285714
ta,0,9,185,3150,3150,0.05873015873015873
ta,0,10,204,3150,3150,0.06476190476190476
ta,0,11,186,3150,3150,0.05904761904761905
ta,0,12,190,3150,3150,0.06031746031746032
ta,0,13,162,3150,3150,0.05142857142857143
ta,0,14,163,3150,3150,0.05174603174603175
ta,0,15,95,2000,3150,0.03015873015873016
ta,0,16,99,2000,3150,0.03142857142857143
ta,0,17,117,2000,3150,0.037142857142857144
ta,0,18,94,2000,3150,0.029841269841269842
ta,0,19,89,2000,3150,0.028253968253968254
ta,1,0,175,3150,3150,0.05555555555555555
ta,1,1,159,3150,3150,0.05047619047619047
ta,1,2,199,3150,3150,0.06317460317460317
ta,1,3,196,3150,3150,0.06222222222222222
ta,1,4,171,3150,3150,0.054285714285714284
ta,1,5,168,3150,3150,0.05333333333333334
ta,1,6,171,3150,3150,0.054285714285714284
ta,1,7,170,3150,3150,0.05396825396825397
ta,1,8,203,3150,3150,0.06444444444444444
ta,1,9,159,3150,3150,0.05047619047619047
ta,1,10,166,3150,3150,0.052698412698412696
ta,1,11,181,3150,3150,0.05746031746031746
ta,1,12,178,3150,3150,0.05650793650793651
ta,1,13,183,3150,3150,0.058095238095238096
ta,1,14,178,3150,3150,0.05650793650793651
ta,1,15,109,2000,3150,0.0346031746031746
ta,1,16,86,2000,3150,0.027301587301587302
ta,1,17,93,2000,3150,0.029523809523809525
ta,1,18,104,2000,3150,0.03301587301587302
ta,1,19,101,2000,3150,0.032063492063492065
ta,2,0,148,3150,3150,0.04698412698412698
ta,2,1,197,3150,3150,0.06253968253968253
ta,2,2,162,3150,3150,0.05142857142857143
ta,2,3,180,3150,3150,0.05714285714285714
ta,2,4,192,3150,3150,0.06095238095238095
ta,2,5,187,3150,3150,0.059365079365079364
ta,2,6,166,3150,3150,0.052698412698412696
ta,2,7,174,3150,3150,0.05523809523809524
ta,2,8,179,3150,3150,0.05682539682539683
ta,2,9,180,3150,3150,0.05714285714285714
ta,2,10,182,3150,3150,0.057777777777777775
ta,2,11,165,3150,3150,0.05238095238095238
ta,2,12,176,3150,3150,0.05587301587301587
ta,2,13,159,3150,3150,0.05047619047619047
ta,2,14,180,3150,3150,0.05714285714285714
ta,2,15,89,2000,3150,0.028253968253968254
ta,2,16,109,2000,3150,0.0346031746031746
ta,2,17,111,2000,3150,0.035238095238095235
ta,2,18,106,2000,3150,0.03365079365079365
ta,2,19,108,2000,3150,0.03428571428571429
ta,3,0,185,3150,3150,0.05873015873015873
ta,3,1,147,3150,3150,0.04666666666666667
ta,3,2,161,3150,3150,0.051111111111111114
ta,3,3,161,3150,3150,0.051111111111111114
ta,3,4,189,3150,3150,0.06
ta,3,5,202,3150,3150,0.06412698412698413
ta,3,6,165,3150,3150,0.05238095238095238
ta,3,7,199,3150,3150,0.06317460317460317
ta,3,8,181,3150,3150,0.05746031746031746
ta,3,9,163,3150,3150,0.05174603174603175
ta,3,10,186,3150,3150,0.05904761904761905
ta,3,11,182,3150,3150,0.057777777777777775
ta,3,12,175,3150,3150,0.05555555555555555
ta,3,13,178,3150,3150,0.05650793650793651
ta,3,14,188,3150,3150,0.059682539682539684
ta,3,15,85,2000,3150,0.026984126984126985
ta,3,16,91,2000,3150,0.028888888888888888
ta,3,17,96,2000,3150,0.030476190476190476
ta,3,18,103,2000,3150,0.0326984126984127
ta,3,19,113,2000,3150,0.035873015873015876
ta,4,0,172,3150,3150,0.054603174603174605
ta,4,1,182,3150,3150,0.057777777777777775
ta,4,2,182,3150,3150,0.057777777777777775
ta,4,3,191,3150,3150,0.06063492063492063
ta,4,4,182,3150,3150,0.057777777777777775
ta,4,5,187,3150,3150,0.059365079365079364
ta,4,6,180,3150,3150,0.05714285714285714
ta,4,7,192,3150,3150,0.06095238095238095
ta,4,8,169,3150,3150,0.05365079365079365
ta,4,9,178,3150,3150,0.05650793650793651
ta,4,10,174,3150,3150,0.05523809523809524
ta,4,11,169,3150,3150,0.05365079365079365
ta,4,12,167,3150,3150,0.053015873015873016
ta,4,13,163,3150,3150,0.05174603174603175
ta,4,14,172,3150,3150,0.054603174603174605
ta,4,15,89,2000,3150,0.028253968253968254
ta,4,16,96,2000,3150,0.030476190476190476
ta,4,17,98,2000,3150,0.03111111111111111
ta,4,18,107,2000,3150,0.03396825396825397
ta,4,19,100,2000,3150,0.031746031746031744
ta,5,0,188,3150,3150,0.059682539682539684
ta,5,1,177,3150,3150,0.05619047619047619
ta,5,2,176,3150,3150,0.05587301587301587
ta,5,3,164,3150,3150,0.05206349206349206
ta,5,4,174,3150,3150,0.05523809523809524
ta,5,5,187,3150,3150,0.059365079365079364
ta,5,6,183,3150,3150,0.058095238095238096
ta,5,7,187,3150,3150,0.059365079365079364
ta,5,8,179,3150,3150,0.05682539682539683
ta,5,9,196,3150,3150,0.06222222222222222
ta,5,10,168,3150,3150,0.05333333333333334
ta,5,11,160,3150,3150,0.050793650793650794
ta,5,12,173,3150,3150,0.05492063492063492
ta,5,13,179,3150,3150,0.05682539682539683
ta,5,14,186,3150,3150,0.05904761904761905
ta,5,15,90,2000,3150,0.02857142857142857
ta,5,16,112,2000,3150,0.035555555555555556
ta,5,17,88,2000,3150,0.027936507936507936
ta,5,18,97,2000,3150,0.030793650793650793
ta,5,19,86,2000,3150,0.027301587301587302
ta,6,0,182,3150,3150,0.057777777777777775
ta,6,1,162,3150,3150,0.05142857142857143
ta,6,2,183,3150,3150,0.058095238095238096
ta,6,3,157,3150,3150,0.04984126984126984
ta,6,4,172,3150,3150,0.054603174603174605
ta,6,5,187,3150,3150,0.059365079365079364
ta,6,6,189,3150,3150,0.06
ta,6,7,156,3150,3150,0.049523809523809526
ta,6,8,168,3150,3150,0.05333333333333334
ta,6,9,163,3150,3150,0.05174603174603175
ta,6,10,179,3150,3150,0.05682539682539683
ta,6,11,152,3150,3150,0.04825396825396826
ta,6,12,203,3150,3150,0.06444444444444444
ta,6,13,190,3150,3150,0.06031746031746032
ta,6,14,191,3150,3150,0.06063492063492063
ta,6,15,113,2000,3150,0.035873015873015876
ta,6,16,108,2000,3150,0.03428571428571429
ta,6,17,88,2000,3150,0.027936507936507936
ta,6,18,98,2000,3150,0.03111111111111111
ta,6,19,109,2000,3150,0.0346031746031746
ta,7,0,189,3150,3150,0.06
ta,7,1,187,3150,3150,0.059365079365079364
ta,7,2,147,3150,3150,0.04666666666666667
ta,7,3,159,3150,3150,0.05047619047619047
ta,7,4,186,3150,3150,0.05904761904761905
ta,7,5,167,3150,3150,0.053015873015873016
ta,7,6,185,3150,3150,0.05873015873015873
ta,7,7,194,3150,3150,0.061587301587301586
ta,7,8,167,3150,3150,0.053015873015873016
ta,7,9,199,3150,3150,0.06317460317460317
ta,7,10,177,3150,3150,0.05619047619047619
ta,7,11,168,3150,3150,0.05333333333333334
ta,7,12,160,3150,3150,0.050793650793650794
ta,7,13,174,3150,3150,0.05523809523809524
ta,7,14,182,3150,3150,0.057777777777777775
ta,7,15,85,2000,3150,0.026984126984126985
ta,7,16,96,2000,3150,0.030476190476190476
ta,7,17,102,2000,3150,0.03238095238095238
ta,7,18,108,2000,3150,0.03428571428571429
ta,7,19,118,2000,3150,0.03746031746031746
ta,8,0,194,3150,3150,0.061587301587301586
ta,8,1,162,3150,3150,0.05142857142857143
ta,8,2,187,3150,3150,0.059365079365079364
ta,8,3,182,3150,3150,0.057777777777777775
ta,8,4,175,3150,3150,0.05555555555555555
ta,8,5,169,3150,3150,0.05365079365079365
ta,8,6,170,3150,3150,0.05396825396825397
ta,8,7,174,3150,3150,0.05523809523809524
ta,8,8,169,3150,3150,0.05365079365079365
ta,8,9,200,3150,3150,0.06349206349206349
ta,8,10,156,3150,3150,0.049523809523809526
ta,8,11,175,3150,3150,0.05555555555555555
ta,8,12,195,3150,3150,0.06190476190476191
ta,8,13,176,3150,3150,0.05587301587301587
ta,8,14,184,3150,3150,0.058412698412698416
ta,8,15,98,2000,3150,0.03111111111111111
ta,8,16,110,2000,3150,0.03492063492063492
ta,8,17,93,2000,3150,0.029523809523809525
ta,8,18,91,2000,3150,0.028888888888888888
ta,8,19,90,2000,3150,0.02857142857142857
ta,9,0,168,3150,3150,0.05333333333333334
ta,9,1,177,3150,3150,0.05619047619047619
ta,9,2,183,3150,3150,0.058095238095238096
ta,9,3,175,3150,3150,0.05555555555555555
ta,9,4,172,3150,3150,0.054603174603174605
ta,9,5,182,3150,3150,0.057777777777777775
ta,9,6,183,3150,3150,0.058095238095238096
ta,9,7,162,3150,3150,0.05142857142857143
ta,9,8,174,3150,3150,0.05523809523809524
ta,9,9,189,3150,3150,0.06
ta,9,10,190,3150,3150,0.06031746031746032
ta,9,11,182,3150,3150,0.057777777777777775
ta,9,12,182,3150,3150,0.057777777777777775
ta,9,13,178,3150,3150,0.05650793650793651
ta,9,14,170,3150,3150,0.05396825396825397
ta,9,15,103,2000,3150,0.0326984126984127
ta,9,16,105,2000,3150,0.03333333333333333
ta,9,17,93,2000,3150,0.029523809523809525
ta,9,18,89,2000,3150,0.028253968253968254
ta,9,19,93,2000,3150,0.029523809523809525
ta,10,0,172,3150,3150,0.054603174603174605
ta,10,1,186,3150,3150,0.05904761904761905
ta,10,2,173,3150,3150,0.05492063492063492
ta,10,3,166,3150,3150,0.052698412698412696
ta,10,4,154,3150,3150,0.04888888888888889
ta,10,5,157,3150,3150,0.04984126984126984
ta,10,6,167,3150,3150,0.053015873015873016
ta,10,7,185,3150,3150,0.05873015873015873
ta,10,8,194,3150,3150,0.061587301587301586
ta,10,9,171,3150,3150,0.054285714285714284
ta,10,10,196,3150,3150,0.06222222222222222
ta,10,11,169,3150,3150,0.05365079365079365
ta,10,12,171,3150,3150,0.054285714285714284
ta,10,13,199,3150,3150,0.06317460317460317
ta,10,14,161,3150,3150,0.051111111111111114
ta,10,15,97,2000,3150,0.030793650793650793
ta,10,16,95,2000,3150,0.03015873015873016
ta,10,17,123,2000,3150,0.039047619047619046
ta,10,18,106,2000,3150,0.03365079365079365
ta,10,19,108,2000,3150,0.03428571428571429
ta,11,0,176,3150,3150,0.05587301587301587
ta,11,1,197,3150,3150,0.06253968253968253
ta,11,2,183,3150,3150,0.058095238095238096
ta,11,3,187,3150,3150,0.059365079365079364
ta,11,4,174,3150,3150,0.05523809523809524
ta,11,5,169,3150,3150,0.05365079365079365
ta,11,6,184,3150,3150,0.058412698412698416
ta,11,7,164,3150,3150,0.05206349206349206
ta,11,8,148,3150,3150,0.04698412698412698
ta,11,9,186,3150,3150,0.05904761904761905
ta,11,10,180,3150,3150,0.05714285714285714
ta,11,11,167,3150,3150,0.053015873015873016
ta,11,12,181,3150,3150,0.05746031746031746
ta,11,13,171,3150,3150,0.054285714285714284
ta,11,14,194,3150,3150,0.061587301587301586
ta,11,15,115,2000,3150,0.03650793650793651
ta,11,16,83,2000,3150,0.026349206349206348
ta,11,17,97,2000,3150,0.030793650793650793
ta,11,18,107,2000,3150,0.03396825396825397
ta,11,19,87,2000,3150,0.02761904761904762
ta,12,0,160,3150,3150,0.050793650793650794
ta,12,1,178,3150,3150,0.05650793650793651
ta,12,2,165,3150,3150,0.05238095238095238
ta,12,3,202,3150,3150,0.06412698412698413
ta,12,4,189,3150,3150,0.06
ta,12,5,187,3150,3150,0.059365079365079364
ta,12,6,161,3150,3150,0.051111111111111114
ta,12,7,167,3150,3150,0.053015873015873016
ta,12,8,171,3150,3150,0.054285714285714284
ta,12,9,184,3150,3150,0.058412698412698416
ta,12,10,170,3150,3150,0.05396825396825397
ta,12,11,210,3150,3150,0.06666666666666667
ta,12,12,155,3150,3150,0.049206349206349205
ta,12,13,177,3150,3150,0.05619047619047619
ta,12,14,179,3150,3150,0.05682539682539683
ta,12,15,105,2000,3150,0.03333333333333333
ta,12,16,83,2000,3150,0.026349206349206348
ta,12,17,108,2000,3150,0.03428571428571429
ta,12,18,98,2000,3150,0.03111111111111111
ta,12,19,101,2000,3150,0.032063492063492065
ta,13,0,184,3150,3150,0.058412698412698416
ta,13,1,170,3150,3150,0.05396825396825397
ta,13,2,173,3150,3150,0.05492063492063492
ta,13,3,181,3150,3150,0.05746031746031746
ta,13,4,169,3150,3150,0.05365079365079365
ta,13,5,161,3150,3150,0.051111111111111114
ta,13,6,193,3150,3150,0.06126984126984127
ta,13,7,165,3150,3150,0.05238095238095238
ta,13,8,201,3150,3150,0.06380952380952382
ta,13,9,158,3150,3150,0.05015873015873016
ta,13,10,177,3150,3150,0.05619047619047619
ta,13,11,168,3150,3150,0.05333333333333334
ta,13,12,179,3150,3150,0.05682539682539683
ta,13,13,196,3150,3150,0.06222222222222222
ta,13,14,162,3150,3150,0.05142857142857143
ta,13,15,108,2000,3150,0.03428571428571429
ta,13,16,113,2000,3150,0.035873015873015876
ta,13,17,112,2000,3150,0.035555555555555556
ta,13,18,91,2000,3150,0.028888888888888888
ta,13,19,89,2000,3150,0.028253968253968254
ta,14,0,198,3150,3150,0.06285714285714286
ta,14,1,184,3150,3150,0.058412698412698416
ta,14,2,196,3150,3150,0.06222222222222222
ta,14,3,181,3150,3150,0.05746031746031746
ta,14,4,186,3150,3150,0.05904761904761905
ta,14,5,166,3150,3150,0.052698412698412696
ta,14,6,151,3150,3150,0.04793650793650794
ta,14,7,174,3150,3150,0.05523809523809524
ta,14,8,173,3150,3150,0.05492063492063492
ta,14,9,159,3150,3150,0.05047619047619047
ta,14,10,174,3150,3150,0.05523809523809524
ta,14,11,209,3150,3150,0.06634920634920635
ta,14,12,171,3150,3150,0.054285714285714284
ta,14,13,160,3150,3150,0.050793650793650794
ta,14,14,172,3150,3150,0.054603174603174605
ta,14,15,91,2000,3150,0.028888888888888888
ta,14,16,111,2000,3150,0.035238095238095235
ta,14,17,93,2000,3150,0.029523809523809525
ta,14,18,99,2000,3150,0.03142857142857143
ta,14,19,102,2000,3150,0.03238095238095238
ta,15,0,104,2000,3150,0.03301587301587302
ta,15,1,109,2000,3150,0.0346031746031746
ta,15,2,97,2000,3150,0.030793650793650793
ta,15,3,107,2000,3150,0.03396825396825397
ta,15,4,111,2000,3150,0.035238095238095235
ta,15,5,92,2000,3150,0.029206349206349208
ta,15,6,104,2000,3150,0.03301587301587302
ta,15,7,96,2000,3150,0.030476190476190476
ta,15,8,93,2000,3150,0.029523809523809525
ta,15,9,85,2000,3150,0.026984126984126985
ta,15,10,100,2000,3150,0.031746031746031744
ta,15,11,106,2000,3150,0.03365079365079365
ta,15,12,105,2000,3150,0.03333333333333333
ta,15,13,101,2000,3150,0.032063492063492065
ta,15,14,93,2000,3150,0.029523809523809525
ta,15,15,119,2000,3150,0.03777777777777778
ta,15,16,88,2000,3150,0.027936507936507936
ta,15,17,80,2000,3150,0.025396825396825397
ta,15,18,100,2000,3150,0.031746031746031744
ta,15,19,110,2000,3150,0.03492063492063492
ta,16,0,121,2000,3150,0.03841269841269841
ta,16,1,98,2000,3150,0.03111111111111111
ta,16,2,99,2000,3150,0.03142857142857143
ta,16,3,107,2000,3150,0.03396825396825397
ta,16,4,96,2000,3150,0.030476190476190476
ta,16,5,105,2000,3150,0.03333333333333333
ta,16,6,95,2000,3150,0.03015873015873016
ta,16,7,90,2000,3150,0.02857142857142857
ta,16,8,85,2000,3150,0.026984126984126985
ta,16,9,102,2000,3150,0.03238095238095238
ta,16,10,92,2000,3150,0.029206349206349208
ta,16,11,99,2000,3150,0.03142857142857143
ta,16,12,86,2000,3150,0.027301587301587302
ta,16,13,108,2000,3150,0.03428571428571429
ta,16,14,97,2000,3150,0.030793650793650793
ta,16,15,113,2000,3150,0.035873015873015876
ta,16,16,110,2000,3150,0.03492063492063492
ta,16,17,101,2000,3150,0.032063492063492065
ta,16,18,93,2000,3150,0.029523809523809525
ta,16,19,103,2000,3150,0.0326984126984127
ta,17,0,95,2000,3150,0.03015873015873016
ta,17,1,101,2000,3150,0.032063492063492065
ta,17,2,94,2000,3150,0.029841269841269842
ta,17,3,102,2000,3150,0.03238095238095238
ta,17,4,105,2000,3150,0.03333333333333333
ta,17,5,99,2000,3150,0.03142857142857143
ta,17,6,124,2000,3150,0.03936507936507937
ta,17,7,103,2000,3150,0.0326984126984127
ta,17,8,116,2000,3150,0.036825396825396824
ta,17,9,90,2000,3150,0.02857142857142857
ta,17,10,84,2000,3150,0.02666666666666667
ta,17,11,121,2000,3150,0.03841269841269841
ta,17,12,108,2000,3150,0.03428571428571429
ta,17,13,86,2000,3150,0.027301587301587302
ta,17,14,106,2000,3150,0.03365079365079365
ta,17,15,81,2000,3150,0.025714285714285714
ta,17,16,91,2000,3150,0.028888888888888888
ta,17,17,111,2000,3150,0.035238095238095235
ta,17,18,91,2000,3150,0.028888888888888888
ta,17,19,92,2000,3150,0.029206349206349208
ta,18,0,98,2000,3150,0.03111111111111111
ta,18,1,111,2000,3150,0.035238095238095235
ta,18,2,101,2000,3150,0.032063492063492065
ta,18,3,91,2000,3150,0.028888888888888888
ta,18,4,87,2000,3150,0.02761904761904762
ta,18,5,86,2000,3150,0.027301587301587302
ta,18,6,95,2000,3150,0.03015873015873016
ta,18,7,104,2000,3150,0.03301587301587302
ta,18,8,95,2000,3150,0.03015873015873016
ta,18,9,112,2000,3150,0.035555555555555556
ta,18,10,98,2000,3150,0.03111111111111111
ta,18,11,93,2000,3150,0.029523809523809525
ta,18,12,91,2000,3150,0.028888888888888888
ta,18,13,102,2000,3150,0.03238095238095238
ta,18,14,95,2000,3150,0.03015873015873016
ta,18,15,114,2000,3150,0.03619047619047619
ta,18,16,114,2000,3150,0.03619047619047619
ta,18,17,95,2000,3150,0.03015873015873016
ta,18,18,106,2000,3150,0.03365079365079365
ta,18,19,112,2000,3150,0.035555555555555556
ta,19,0,92,2000,3150,0.029206349206349208
ta,19,1,98,2000,3150,0.03111111111111111
ta,19,2,97,2000,3150,0.030793650793650793
ta,19,3,105,2000,3150,0.03333333333333333
ta,19,4,101,2000,3150,0.032063492063492065
ta,19,5,111,2000,3150,0.035238095238095235
ta,19,6,114,2000,3150,0.03619047619047619
ta,19,7,89,2000,3150,0.028253968253968254
ta,19,8,105,2000,3150,0.03333333333333333
ta,19,9,91,2000,3150,0.028888888888888888
ta,19,10,97,2000,3150,0.030793650793650793
ta,19,11,88,2000,3150,0.027936507936507936
ta,19,12,104,2000,3150,0.03301587301587302
ta,19,13,108,2000,3150,0.03428571428571429
ta,19,14,97,2000,3150,0.030793650793650793
ta,19,15,101,2000,3150,0.032063492063492065
ta,19,16,100,2000,3150,0.031746031746031744
ta,19,17,101,2000,3150,0.032063492063492065
ta,19,18,112,2000,3150,0.035555555555555556
ta,19,19,89,2000,3150,0.028253968253968254
yn,0,0,4,80,80,0.05
yn,0,1,3,80,80,0.0375
yn,0,2,1,80,80,0.0125
yn,0,3,2,80,80,0.025
yn,0,4,8,80,80,0.1
yn,0,5,5,80,80,0.0625
yn,0,6,2,80,80,0.025
yn,0,7,5,80,80,0.0625
yn,0,8,2,80,80,0.025
yn,0,9,8,80,80,0.1
yn,0,10,2,80,80,0.025
yn,0,11,2,80,80,0.025
yn,0,12,2,80,80,0.025
yn,0,13,6,80,80,0.075
yn,0,14,3,80,80,0.0375
yn,0,15,1,80,80,0.0125
yn,0,16,8,80,80,0.1
yn,0,17,7,80,80,0.0875
yn,0,18,6,80,80,0.075
yn,0,19,3,80,80,0.0375
yn,1,0,2,80,80,0.025
yn,1,1,9,80,80,0.1125
yn,1,2,6,80,80,0.075
yn,1,3,5,80,80,0.0625
yn,1,4,3,80,80,0.0375
yn,1,5,6,80,80,0.075
yn,1,6,10,80,80,0.125
yn,1,7,4,80,80,0.05
yn,1,8,2,80,80,0.025
yn,1,9,2,80,80,0.025
yn,1,10,5,80,80,0.0625
yn,1,11,3,80,80,0.0375
yn,1,12,3,80,80,0.0375
yn,1,13,3,80,80,0.0375
yn,1,14,0,80,80,0.0
yn,1,15,2,80,80,0.025
yn,1,16,5,80,80,0.0625
yn,1,17,6,80,80,0.075
yn,1,18,1,80,80,0.0125
yn,1,19,3,80,80,0.0375
yn,2,0,3,80,80,0.0375
yn,2,1,4,80,80,0.05
yn,2,2,4,80,80,0.05
yn,2,3,5,80,80,0.0625
yn,2,4,5,80,80,0.0625
yn,2,5,5,80,80,0.0625
yn,2,6,2,80,80,0.025
yn,2,7,5,80,80,0.0625
yn,2,8,6,80,80,0.075
yn,2,9,2,80,80,0.025
yn,2,10,1,80,80,0.0125
yn,2,11,6,80,80,0.075
yn,2,12,4,80,80,0.05
yn,2,13,4,80,80,0.05
yn,2,14,5,80,80,0.0625
yn,2,15,6,80,80,0.075
yn,2,16,4,80,80,0.05
yn,2,17,6,80,80,0.075
yn,2,18,2,80,80,0.025
yn,2,19,1,80,80,0.0125
yn,3,0,5,80,80,0.0625
yn,3,1,1,80,80,0.0125
yn,3,2,6,80,80,0.075
yn,3,3,2,80,80,0.025
yn,3,4,2,80,80,0.025
yn,3,5,6,80,80,0.075
yn,3,6,9,80,80,0.1125
yn,3,7,7,80,80,0.0875
yn,3,8,3,80,80,0.0375
yn,3,9,4,80,80,0.05
yn,3,10,3,80,80,0.0375
yn,3,11,1,80,80,0.0125
yn,3,12,2,80,80,0.025
yn,3,13,3,80,80,0.0375
yn,3,14,2,80,80,0.025
yn,3,15,7,80,80,0.0875
yn,3,16,8,80,80,0.1
yn,3,17,5,80,80,0.0625
yn,3,18,4,80,80,0.05
yn,3,19,0,80,80,0.0
yn,4,0,10,80,80,0.125
yn,4,1,5,80,80,0.0625
yn,4,2,5,80,80,0.0625
yn,4,3,4,80,80,0.05
yn,4,4,4,80,80,0.05
yn,4,5,1,80,80,0.0125
yn,4,6,3,80,80,0.0375
yn,4,7,4,80,80,0.05
yn,4,8,4,80,80,0.05
yn,4,9,4,80,80,0.05
yn,4,10,5,80,80,0.0625
yn,4,11,1,80,80,0.0125
yn,4,12,6,80,80,0.075
yn,4,13,11,80,80,0.1375
yn,4,14,3,80,80,0.0375
yn,4,15,1,80,80,0.0125
yn,4,16,1,80,80,0.0125
yn,4,17,2,80,80,0.025
yn,4,18,5,80,80,0.0625
yn,4,19,1,80,80,0.0125
yn,5,0,3,80,80,0.0375
yn,5,1,2,80,80,0.025
yn,5,2,5,80,80,0.0625
yn,5,3,5,80,80,0.0625
yn,5,4,2,80,80,0.025
yn,5,5,4,80,80,0.05
yn,5,6,3,80,80,0.0375
yn,5,7,4,80,80,0.05
yn,5,8,6,80,80,0.075
yn,5,9,3,80,80,0.0375
yn,5,10,3,80,80,0.0375
yn,5,11,1,80,80,0.0125
yn,5,12,6,80,80,0.075
yn,5,13,6,80,80,0.075
yn,5,14,9,80,80,0.1125
yn,5,15,6,80,80,0.075
yn,5,16,5,80,80,0.0625
yn,5,17,2,80,80,0.025
yn,5,18,2,80,80,0.025
yn,5,19,3,80,80,0.0375
yn,6,0,2,80,80,0.025
yn,6,1,8,80,80,0.1
yn,6,2,4,80,80,0.05
yn,6,3,6,80,80,0.075
yn,6,4,3,80,80,0.0375
yn,6,5,2,80,80,0.025
yn,6,6,2,80,80,0.025
yn,6,7,5,80,80,0.0625
yn,6,8,3,80,80,0.0375
yn,6,9,6,80,80,0.075
yn,6,10,7,80,80,0.0875
yn,6,11,6,80,80,0.075
yn,6,12,5,80,80,0.0625
yn,6,13,0,80,80,0.0
yn,6,14,3,80,80,0.0375
yn,6,15,1,80,80,0.0125
yn,6,16,5,80,80,0.0625
yn,6,17,4,80,80,0.05
yn,6,18,4,80,80,0.05
yn,6,19,4,80,80,0.05
yn,7,0,6,80,80,0.075
yn,7,1,1,80,80,0.0125
yn,7,2,4,80,80,0.05
yn,7,3,4,80,80,0.05
yn,7,4,3,80,80,0.0375
yn,7,5,1,80,80,0.0125
yn,7,6,5,80,80,0.0625
yn,7,7,2,80,80,0.025
yn,7,8,8,80,80,0.1
yn,7,9,2,80,80,0.025
yn,7,10,6,80,80,0.075
yn,7,11,3,80,80,0.0375
yn,7,12,5,80,80,0.0625
yn,7,13,5,80,80,0.0625
yn,7,14,3,80,80,0.0375
yn,7,15,4,80,80,0.05
yn,7,16,1,80,80,0.0125
yn,7,17,1,80,80,0.0125
yn,7,18,6,80,80,0.075
yn,7,19,10,80,80,0.125
yn,8,0,3,80,80,0.0375
yn,8,1,5,80,80,0.0625
yn,8,2,4,80,80,0.05
yn,8,3,5,80,80,0.0625
yn,8,4,3,80,80,0.0375
yn,8,5,0,80,80,0.0
yn,8,6,10,80,80,0.125
yn,8,7,9,80,80,0.1125
yn,8,8,0,80,80,0.0
yn,8,9,5,80,80,0.0625
yn,8,10,2,80,80,0.025
yn,8,11,0,80,80,0.0
yn,8,12,4,80,80,0.05
yn,8,13,10,80,80,0.125
yn,8,14,4,80,80,0.05
yn,8,15,3,80,80,0.0375
yn,8,16,4,80,80,0.05
yn,8,17,3,80,80,0.0375
yn,8,18,3,80,80,0.0375
yn,8,19,3,80,80,0.0375
yn,9,0,1,80,80,0.0125
yn,9,1,2,80,80,0.025
yn,9,2,2,80,80,0.025
yn,9,3,7,80,80,0.0875
yn,9,4,6,80,80,0.075
yn,9,5,3,80,80,0.0375
yn,9,6,3,80,80,0.0375
yn,9,7,5,80,80,0.0625
yn,9,8,5,80,80,0.0625
yn,9,9,1,80,80,0.0125
yn,9,10,5,80,80,0.0625
yn,9,11,9,80,80,0.1125
yn,9,12,5,80,80,0.0625
yn,9,13,4,80,80,0.05
yn,9,14,0,80,80,0.0
yn,9,15,5,80,80,0.0625
yn,9,16,4,80,80,0.05
yn,9,17,4,80,80,0.05
yn,9,18,5,80,80,0.0625
yn,9,19,4,80,80,0.05
yn,10,0,1,80,80,0.0125
yn,10,1,3,80,80,0.0375
yn,10,2,4,80,80,0.05
yn,10,3,6,80,80,0.075
yn,10,4,3,80,80,0.0375
yn,10,5,8,80,80,0.1
yn,10,6,3,80,80,0.0375
yn,10,7,7,80,80,0.0875
yn,10,8,0,80,80,0.0
yn,10,9,3,80,80,0.0375
yn,10,10,5,80,80,0.0625
yn,10,11,6,80,80,0.075
yn,10,12,3,80,80,0.0375
yn,10,13,5,80,80,0.0625
yn,10,14,5,80,80,0.0625
yn,10,15,4,80,80,0.05
yn,10,16,2,80,80,0.025
yn,10,17,4,80,80,0.05
yn,10,18,6,80,80,0.075
yn,10,19,2,80,80,0.025
yn,11,0,6,80,80,0.075
yn,11,1,3,80,80,0.0375
yn,11,2,10,80,80,0.125
yn,11,3,2,80,80,0.025
yn,11,4,7,80,80,0.0875
yn,11,5,6,80,80,0.075
yn,11,6,1,80,80,0.0125
yn,11,7,2,80,80,0.025
yn,11,8,4,80,80,0.05
yn,11,9,4,80,80,0.05
yn,11,10,5,80,80,0.0625
yn,11,11,3,80,80,0.0375
yn,11,12,0,80,80,0.0
yn,11,13,4,80,80,0.05
yn,11,14,4,80,80,0.05
yn,11,15,0,80,80,0.0
yn,11,16,6,80,80,0.075
yn,11,17,6,80,80,0.075
yn,11,18,3,80,80,0.0375
yn,11,19,4,80,80,0.05
yn,12,0,5,80,80,0.0625
yn,12,1,4,80,80,0.05
yn,12,2,1,80,80,0.0125
yn,12,3,8,80,80,0.1
yn,12,4,2,80,80,0.025
yn,12,5,1,80,80,0.0125
yn,12,6,5,80,80,0.0625
yn,12,7,3,80,80,0.0375
yn,12,8,4,80,80,0.05
yn,12,9,6,80,80,0.075
yn,12,10,4,80,80,0.05
yn,12,11,8,80,80,0.1
yn,12,12,2,80,80,0.025
yn,12,13,1,80,80,0.0125
yn,12,14,4,80,80,0.05
yn,12,15,4,80,80,0.05
yn,12,16,6,80,80,0.075
yn,12,17,4,80,80,0.05
yn,12,18,4,80,80,0.05
yn,12,19,4,80,80,0.05
yn,13,0,5,80,80,0.0625
yn,13,1,5,80,80,0.0625
yn,13,2,5,80,80,0.0625
yn,13,3,5,80,80,0.0625
yn,13,4,6,80,80,0.075
yn,13,5,7,80,80,0.0875
yn,13,6,3,80,80,0.0375
yn,13,7,2,80,80,0.025
yn,13,8,6,80,80,0.075
yn,13,9,2,80,80,0.025
yn,13,10,5,80,80,0.0625
yn,13,11,3,80,80,0.0375
yn,13,12,3,80,80,0.0375
yn,13,13,6,80,80,0.075
yn,13,14,9,80,80,0.1125
yn,13,15,4,80,80,0.05
yn,13,16,0,80,80,0.0
yn,13,17,2,80,80,0.025
yn,13,18,1,80,80,0.0125
yn,13,19,1,80,80,0.0125
yn,14,0,4,80,80,0.05
yn,14,1,6,80,80,0.075
yn,14,2,6,80,80,0.075
yn,14,3,1,80,80,0.0125
yn,14,4,3,80,80,0.0375
yn,14,5,4,80,80,0.05
yn,14,6,0,80,80,0.0
yn,14,7,3,80,80,0.0375
yn,14,8,4,80,80,0.05
yn,14,9,4,80,80,0.05
yn,14,10,5,80,80,0.0625
yn,14,11,2,80,80,0.025
yn,14,12,3,80,80,0.0375
yn,14,13,2,80,80,0.025
yn,14,14,11,80,80,0.1375
yn,14,15,7,80,80,0.0875
yn,14,16,2,80,80,0.025
yn,14,17,9,80,80,0.1125
yn,14,18,3,80,80,0.0375
yn,14,19,1,80,80,0.0125
yn,15,0,1,80,80,0.0125
yn,15,1,6,80,80,0.075
yn,15,2,3,80,80,0.0375
yn,15,3,2,80,80,0.025
yn,15,4,4,80,80,0.05
yn,15,5,7,80,80,0.0875
yn,15,6,9,80,80,0.1125
yn,15,7,2,80,80,0.025
yn,15,8,4,80,80,0.05
yn,15,9,3,80,80,0.0375
yn,15,10,3,80,80,0.0375
yn,15,11,4,80,80,0.05
yn,15,12,2,80,80,0.025
yn,15,13,3,80,80,0.0375
yn,15,14,1,80,80,0.0125
yn,15,15,11,80,80,0.1375
yn,15,16,4,80,80,0.05
yn,15,17,6,80,80,0.075
yn,15,18,5,80,80,0.0625
yn,15,19,0,80,80,0.0
yn,16,0,4,80,80,0.05
yn,16,1,5,80,80,0.0625
yn,16,2,3,80,80,0.0375
yn,16,3,3,80,80,0.0375
yn,16,4,3,80,80,0.0375
yn,16,5,3,80,80,0.0375
yn,16,6,1,80,80,0.0125
yn,16,7,0,80,80,0.0
yn,16,8,8,80,80,0.1
yn,16,9,3,80,80,0.0375
yn,16,10,4,80,80,0.05
yn,16,11,10,80,80,0.125
yn,16,12,5,80,80,0.0625
yn,16,13,5,80,80,0.0625
yn,16,14,5,80,80,0.0625
yn,16,15,3,80,80,0.0375
yn,16,16,3,80,80,0.0375
yn,16,17,3,80,80,0.0375
yn,16,18,5,80,80,0.0625
yn,16,19,4,80,80,0.05
yn,17,0,10,80,80,0.125
yn,17,1,4,80,80,0.05
yn,17,2,3,80,80,0.0375
yn,17,3,2,80,80,0.025
yn,17,4,4,80,80,0.05
yn,17,5,5,80,80,0.0625
yn,17,6,4,80,80,0.05
yn,17,7,2,80,80,0.025
yn,17,8,4,80,80,0.05
yn,17,9,5,80,80,0.0625
yn,17,10,6,80,80,0.075
yn,17,11,4,80,80,0.05
yn,17,12,7,80,80,0.0875
yn,17,13,1,80,80,0.0125
yn,17,14,4,80,80,0.05
yn,17,15,2,80,80,0.025
yn,17,16,4,80,80,0.05
yn,17,17,1,80,80,0.0125
yn,17,18,5,80,80,0.0625
yn,17,19,3,80,80,0.0375
yn,18,0,4,80,80,0.05
yn,18,1,2,80,80,0.025
yn,18,2,3,80,80,0.0375
yn,18,3,1,80,80,0.0125
yn,18,4,6,80,80,0.075
yn,18,5,3,80,80,0.0375
yn,18,6,3,80,80,0.0375
yn,18,7,8,80,80,0.1
yn,18,8,4,80,80,0.05
yn,18,9,10,80,80,0.125
yn,18,10,4,80,80,0.05
yn,18,11,3,80,80,0.0375
yn,18,12,10,80,80,0.125
yn,18,13,1,80,80,0.0125
yn,18,14,3,80,80,0.0375
yn,18,15,5,80,80,0.0625
yn,18,16,2,80,80,0.025
yn,18,17,0,80,80,0.0
yn,18,18,3,80,80,0.0375
yn,18,19,5,80,80,0.0625
yn,19,0,1,80,80,0.0125
yn,19,1,2,80,80,0.025
yn,19,2,1,80,80,0.0125
yn,19,3,5,80,80,0.0625
yn,19,4,3,80,80,0.0375
yn,19,5,3,80,80,0.0375
yn,19,6,2,80,80,0.025
yn,19,7,1,80,80,0.0125
yn,19,8,3,80,80,0.0375
yn,19,9,3,80,80,0.0375
yn,19,10,0,80,80,0.0
yn,19,11,5,80,80,0.0625
yn,19,12,3,80,80,0.0375
yn,19,13,0,80,80,0.0
yn,19,14,2,80,80,0.025
yn,19,15,4,80,80,0.05
yn,19,16,6,80,80,0.075
yn,19,17,5,80,80,0.0625
yn,19,18,7,80,80,0.0875
yn,19,19,24,80,80,0.3
